/*
 Navicat Premium Data Transfer

 Source Server         : test
 Source Server Type    : MySQL
 Source Server Version : 50726
 Source Host           : localhost:3306
 Source Schema         : news

 Target Server Type    : MySQL
 Target Server Version : 50726
 File Encoding         : 65001

 Date: 10/07/2019 20:55:55
*/

SET NAMES utf8mb4;
SET FOREIGN_KEY_CHECKS = 0;

-- ----------------------------
-- Table structure for account
-- ----------------------------
DROP TABLE IF EXISTS `account`;
CREATE TABLE `account`  (
  `userId` int(10) UNSIGNED NOT NULL AUTO_INCREMENT,
  `userName` varchar(255) CHARACTER SET utf8 COLLATE utf8_vietnamese_ci NULL DEFAULT NULL,
  `email` varchar(255) CHARACTER SET utf8 COLLATE utf8_vietnamese_ci NULL DEFAULT NULL,
  `pass` varchar(255) CHARACTER SET utf8 COLLATE utf8_vietnamese_ci NULL DEFAULT NULL,
  `role` varchar(255) CHARACTER SET utf8 COLLATE utf8_vietnamese_ci NULL DEFAULT NULL,
  `dateSubscribe` date NULL DEFAULT NULL,
  `birthday` date NULL DEFAULT NULL,
  `nickname` varchar(255) CHARACTER SET utf8 COLLATE utf8_vietnamese_ci NULL DEFAULT NULL,
  `idCat` int(10) NULL DEFAULT NULL,
  PRIMARY KEY (`userId`) USING BTREE,
  INDEX `fk_editor_cat`(`idCat`) USING BTREE
) ENGINE = MyISAM AUTO_INCREMENT = 19 CHARACTER SET = utf8 COLLATE = utf8_vietnamese_ci ROW_FORMAT = Dynamic;

-- ----------------------------
-- Records of account
-- ----------------------------
INSERT INTO `account` VALUES (18, 'root', 'votanphatb1@gmail.com', '$2b$10$SpAKPkGoSJA.tEjgdIbP7OVEgXn.W79FbgbxZ5UE13XX41ZV9urPO', 'admin', NULL, '1998-06-02', NULL, NULL);
INSERT INTO `account` VALUES (2, 'Phát vô địch', 'votanphatb2@gmail.com', '$2b$10$SpAKPkGoSJA.tEjgdIbP7OVEgXn.W79FbgbxZ5UE13XX41ZV9urPO', 'subscriber', '2019-06-01', '1998-01-01', NULL, NULL);
INSERT INTO `account` VALUES (3, 'Phát Võ', 'votanphatb3@gmail.com', '$2b$10$O8iTE6NznF/v8SDufa/0EugvsoST/a7THSq.I2UnJyQ/K7tUUr6ya', 'subscriber', '2019-06-19', '1998-01-01', NULL, NULL);
INSERT INTO `account` VALUES (4, 'Nguyên', 'votanphatb0@gmail.com', '$2b$10$wkew/mza5ojyDgYIfRXekeWvSENCVQ2UQxXnTxfvCtDnAEHPVMaXm', 'writer', NULL, '1998-02-16', 'bắp cải', NULL);
INSERT INTO `account` VALUES (5, 'Tấn Phát', 'votanphatb4@gmail.com', '$2b$10$xDF4H/qeWFeCEj.2v1Zlr.sVyZHr.1IrUrbPX5evq5Ey.qjinMSAa', 'writer', NULL, '1998-01-01', 'bắp chuối', NULL);
INSERT INTO `account` VALUES (6, 'aaa', 'votanphatb5@gmail.com', '$2b$10$Rc9ibl/RFBlkH8OadeMaHe0VoBOPCDtURT9H0sU3NYvFJf87dBsD2', 'editor', NULL, '1998-01-01', NULL, 11);
INSERT INTO `account` VALUES (7, 'haha', 'votanphatb6@gmail.com', '$2b$10$Hk6Cn48/lzrH84JQx2zQJOCwGZFVmv1A1A0KjKbqyA8swq1xLAeqS', 'editor', NULL, '1998-01-01', NULL, 12);
INSERT INTO `account` VALUES (8, 'haha', 'votanphatb7@gmail.com', '$2b$10$eODYkqFUrsepGsfclS67L.l38yOr9gC347h0wDhBE5ZtRHoSmJcDm', 'editor', NULL, '1998-01-01', NULL, 1);
INSERT INTO `account` VALUES (9, 'vav', 'votanphatb8@gmail.com', '$2b$10$PNdck9BD7t0LLisR5E.J/eYMAX79DA4dMBbFAUfO96Kthh9WlmI4.', 'editor', NULL, '1998-01-01', NULL, 4);
INSERT INTO `account` VALUES (10, 'datvooooo', 'votanphatb9@gmail.com', '$2b$10$rIS/VRV1DwmMoOrHsZMUz..gK6PsL5KHQeIDUyK6ZnbbijnPj2ar2', 'editor', NULL, '1998-01-01', NULL, 7);
INSERT INTO `account` VALUES (11, 'gggg', 'abc@gmail.com', '$2b$10$rIS/VRV1DwmMoOrHsZMUz..gK6PsL5KHQeIDUyK6ZnbbijnPj2ar2', 'guest', NULL, '1998-01-01', NULL, NULL);
INSERT INTO `account` VALUES (12, 'tên gì giờ', '123@gmail.com', NULL, 'subscriber', '2019-06-19', '1999-12-01', NULL, NULL);
INSERT INTO `account` VALUES (13, 'mệt thiệt chứ', '1@gmail.com', NULL, 'writer', NULL, '1998-06-02', NULL, NULL);
INSERT INTO `account` VALUES (14, 'huhuhu', '21@gmail.com', NULL, 'editor', NULL, '1998-06-02', NULL, 14);

-- ----------------------------
-- Table structure for category
-- ----------------------------
DROP TABLE IF EXISTS `category`;
CREATE TABLE `category`  (
  `catId` int(10) UNSIGNED NOT NULL AUTO_INCREMENT,
  `catName` varchar(255) CHARACTER SET utf8 COLLATE utf8_vietnamese_ci NULL DEFAULT NULL,
  `parent` int(10) NULL DEFAULT NULL,
  PRIMARY KEY (`catId`) USING BTREE
) ENGINE = MyISAM AUTO_INCREMENT = 19 CHARACTER SET = utf8 COLLATE = utf8_vietnamese_ci ROW_FORMAT = Dynamic;

-- ----------------------------
-- Records of category
-- ----------------------------
INSERT INTO `category` VALUES (1, 'Thời sự', 0);
INSERT INTO `category` VALUES (2, 'Chính trị', 1);
INSERT INTO `category` VALUES (3, 'Giao thông', 1);
INSERT INTO `category` VALUES (4, 'Kinh doanh', 0);
INSERT INTO `category` VALUES (5, 'Bất động sản', 4);
INSERT INTO `category` VALUES (6, 'Tiêu dùng', 4);
INSERT INTO `category` VALUES (7, 'Chứng khoán', 4);
INSERT INTO `category` VALUES (8, 'Công nghệ', 0);
INSERT INTO `category` VALUES (9, 'Tin công nghệ', 8);
INSERT INTO `category` VALUES (10, 'Sản phẩm công nghệ', 8);
INSERT INTO `category` VALUES (11, 'Thể thao', 0);
INSERT INTO `category` VALUES (12, 'Bóng đá', 11);
INSERT INTO `category` VALUES (13, 'Quần vợt', 11);
INSERT INTO `category` VALUES (14, 'Bóng rổ', 11);

-- ----------------------------
-- Table structure for comment
-- ----------------------------
DROP TABLE IF EXISTS `comment`;
CREATE TABLE `comment`  (
  `idComment` int(11) UNSIGNED NOT NULL AUTO_INCREMENT,
  `idUser` varchar(255) CHARACTER SET utf8 COLLATE utf8_vietnamese_ci NOT NULL,
  `idPost` varchar(255) CHARACTER SET utf8 COLLATE utf8_vietnamese_ci NOT NULL,
  `dateComment` datetime(0) NULL DEFAULT NULL,
  `content` varchar(255) CHARACTER SET utf8 COLLATE utf8_vietnamese_ci NULL DEFAULT NULL,
  PRIMARY KEY (`idComment`) USING BTREE,
  INDEX `fk_comment_account`(`idUser`) USING BTREE,
  INDEX `fk_comment_post`(`idPost`) USING BTREE
) ENGINE = MyISAM AUTO_INCREMENT = 12 CHARACTER SET = utf8 COLLATE = utf8_vietnamese_ci ROW_FORMAT = Dynamic;

-- ----------------------------
-- Records of comment
-- ----------------------------
INSERT INTO `comment` VALUES (1, '5', '12', '2019-06-16 11:30:01', 'aaa');
INSERT INTO `comment` VALUES (2, '3', '12', '2019-06-16 11:44:07', 'ok');
INSERT INTO `comment` VALUES (3, '3', '19', '2019-06-16 11:50:32', 'ngon');
INSERT INTO `comment` VALUES (4, '3', '17', '2019-06-16 11:50:56', 'ok ok');
INSERT INTO `comment` VALUES (5, '2', '16', '2019-06-17 21:08:35', 'bình luận nè');
INSERT INTO `comment` VALUES (6, '3', '16', '2019-06-17 21:09:00', 'đây nữa nè');
INSERT INTO `comment` VALUES (7, '11', '7', '2019-06-18 21:42:56', 'haizzzz');
INSERT INTO `comment` VALUES (8, '2', '2015', '2019-06-19 09:41:30', 'haha');
INSERT INTO `comment` VALUES (9, '2', '2015', '2019-06-19 09:41:37', 'hihi');
INSERT INTO `comment` VALUES (10, '11', '7', '2019-07-10 13:37:58', 'nữa hả');
INSERT INTO `comment` VALUES (11, '18', '19', '2019-07-10 20:54:09', 'hay ghe');

-- ----------------------------
-- Table structure for post
-- ----------------------------
DROP TABLE IF EXISTS `post`;
CREATE TABLE `post`  (
  `postId` int(10) UNSIGNED NOT NULL AUTO_INCREMENT,
  `title` varchar(255) CHARACTER SET utf8 COLLATE utf8_vietnamese_ci NULL DEFAULT NULL,
  `subTitle` varchar(255) CHARACTER SET utf8 COLLATE utf8_vietnamese_ci NULL DEFAULT NULL,
  `datePost` date NULL DEFAULT NULL,
  `viewCount` int(11) NULL DEFAULT NULL,
  `postStatus` varchar(255) CHARACTER SET utf8 COLLATE utf8_vietnamese_ci NULL DEFAULT NULL,
  `content` text CHARACTER SET utf8 COLLATE utf8_vietnamese_ci NULL,
  `idCat` int(10) NULL DEFAULT NULL,
  `type` varchar(255) CHARACTER SET utf8 COLLATE utf8_vietnamese_ci NULL DEFAULT NULL,
  `dateUpload` date NULL DEFAULT NULL,
  `srcImage` varchar(255) CHARACTER SET utf8 COLLATE utf8_vietnamese_ci NULL DEFAULT NULL,
  `idWriter` int(10) NULL DEFAULT NULL,
  `idEditor` int(10) NULL DEFAULT NULL,
  `dateProcess` date NULL DEFAULT NULL,
  `reasonReject` varchar(255) CHARACTER SET utf8 COLLATE utf8_vietnamese_ci NULL DEFAULT NULL,
  PRIMARY KEY (`postId`) USING BTREE,
  INDEX `fk_post_category`(`idCat`) USING BTREE,
  INDEX `fk_post_writer`(`idWriter`) USING BTREE,
  INDEX `fk_post_editor`(`idEditor`) USING BTREE
) ENGINE = MyISAM AUTO_INCREMENT = 2021 CHARACTER SET = utf8 COLLATE = utf8_vietnamese_ci ROW_FORMAT = Dynamic;

-- ----------------------------
-- Records of post
-- ----------------------------
INSERT INTO `post` VALUES (1, 'Quốc hội thống nhất khung giờ cấm quảng cáo rượu, bia', 'Quốc hội tán thành quy định khung thời gian cấm quảng cáo rượu, bia trên báo nói, báo hình trong thời gian 18-21h hàng ngày; ngay trước, trong và sau các chương trình thiếu nhi.', '2019-07-10', 13, 'accepted', '<p><strong>Quốc hội t&aacute;n th&agrave;nh quy định khung thời gian cấm quảng c&aacute;o rượu, bia tr&ecirc;n b&aacute;o n&oacute;i, b&aacute;o h&igrave;nh trong thời gian 18-21h h&agrave;ng ng&agrave;y; ngay trước, trong v&agrave; sau c&aacute;c chương tr&igrave;nh thiếu nhi.</strong></p>\r\n<p>Chiều 3/6, Quốc hội xin &yacute; kiến c&aacute;c đại biểu về 3 vấn đề c&ograve;n &yacute; kiến kh&aacute;c nhau của dự thảo Luật Ph&ograve;ng, chống t&aacute;c hại của rượu bia trước khi ho&agrave;n thiện luật.</p>\r\n<p>Nội dung đầu ti&ecirc;n l&agrave; quy định li&ecirc;n quan đến việc uống rượu, bia của người điều khiển phương tiện giao th&ocirc;ng khi tham gia giao th&ocirc;ng. Quốc hội xin &yacute; kiến v&agrave;o 2 phương &aacute;n</p>\r\n<p><img src=\"https://znews-photo.zadn.vn/w660/Uploaded/ovhpaob/2019_06_03/bieuquyet1_zing_1.jpg\" alt=\"\" /></p>\r\n<p>Phương &aacute;n 1, cấm điều khiển phương tiện giao th&ocirc;ng m&agrave; trong m&aacute;u hoặc kh&iacute; thở c&oacute; nồng độ cồn. Lựa chọn phương &aacute;n n&agrave;y chỉ c&oacute; 48,76% đại biểu t&aacute;n th&agrave;nh.</p>\r\n<p>Phương &aacute;n 2, cấm điều khiển phương tiện giao th&ocirc;ng m&agrave; trong m&aacute;u hoặc kh&iacute; thở c&oacute; nồng độ cồn vượt mức quy định của ph&aacute;p luật về an to&agrave;n giao th&ocirc;ng. Phương &aacute;n n&agrave;y cũng kh&ocirc;ng nhận được qu&aacute; b&aacute;n số phiếu của đại biểu.</p>\r\n<p>Điều h&agrave;nh phi&ecirc;n l&agrave;m việc, Ph&oacute; chủ tịch Quốc hội&nbsp;<a class=\"topic person autolink quickview tooltipstered\" href=\"https://news.zing.vn/tieu-diem/tong-thi-phong.html\">T&ograve;ng Thị Ph&oacute;ng</a>&nbsp;n&oacute;i &ldquo;quyết định vấn đề li&ecirc;n quan đến h&agrave;nh vi của con người rất kh&oacute; khăn&rdquo;. Ngay sau đ&oacute;, đại biểu B&ugrave;i Sỹ Lợi v&agrave; Nguyễn Thanh Hồng xin c&oacute; &yacute; kiến. Hai đại biểu cho biết một số đại biểu &ldquo;nhầm lẫn giữa c&aacute;c phương &aacute;n&rdquo;, do đ&oacute; đề xuất cho biểu quyết lại phương &aacute;n 1.</p>\r\n<p><img src=\"https://znews-photo.zadn.vn/w660/Uploaded/ovhpaob/2019_06_03/62056671_410931903093908_6087330150179930112_n.jpg\" alt=\"\" /></p>\r\n<p>Quốc hội đ&atilde; đồng &yacute; cho biểu quyết lại phương &aacute;n 1 về quy định &ldquo;đ&atilde; uống rượu bia kh&ocirc;ng được điều khiển phương tiện giao th&ocirc;ng&rdquo;. L&uacute;c n&agrave;y, số phiếu đại biểu t&aacute;n th&agrave;nh quy định n&agrave;y giảm xuống chỉ c&ograve;n 44,21%, vẫn kh&ocirc;ng qu&aacute; b&aacute;n.</p>\r\n<p>Nội dung thứ hai được lấy &yacute; kiến l&agrave; quy định về việc hạn chế thời gian b&aacute;n rượu, bia để ti&ecirc;u d&ugrave;ng tại chỗ, quy định tại điều 5 của dự thảo luật.</p>\r\n<p>Phương &aacute;n một l&agrave; quy định thời gian cấm b&aacute;n rượu, bia để ti&ecirc;u d&ugrave;ng tại chỗ từ 22h đến 8h s&aacute;ng h&ocirc;m sau. Ủng hộ phương &aacute;n n&agrave;y c&oacute; 224/440 đại biểu, chiếm 46,28% (t&iacute;nh tr&ecirc;n tổng số 484 đại biểu Quốc hội).</p>\r\n<p>Phương &aacute;n 2, kh&ocirc;ng quy định về việc hạn chế thời gian b&aacute;n rượu, bia để ti&ecirc;u d&ugrave;ng tại chỗ. Đ&aacute;ng n&oacute;i, phương &aacute;n n&agrave;y cũng kh&ocirc;ng nhận được qu&aacute; b&aacute;n số phiếu của đại biểu Quốc hội (44,21%).</p>\r\n<p>&ldquo;Nội dung n&agrave;y cũng kh&ocirc;ng c&oacute; phương &aacute;n n&agrave;o qu&aacute; 50% để ghi trong luật&rdquo;, Ph&oacute; chủ tịch Quốc hội T&ograve;ng Thị Ph&oacute;ng n&oacute;i.</p>\r\n<p>Nội dung cuối c&ugrave;ng l&agrave; quy định khung thời gian kh&ocirc;ng được quảng c&aacute;o rượu, bia tr&ecirc;n b&aacute;o n&oacute;i, b&aacute;o h&igrave;nh.</p>\r\n<p>Phương &aacute;n 1 của dự thảo luật quy định khung thời gian kh&ocirc;ng được quảng c&aacute;o rượu, bia tr&ecirc;n b&aacute;o n&oacute;i, b&aacute;o h&igrave;nh trong thời gian từ 18h đến 21h h&agrave;ng ng&agrave;y; ngay trước, trong v&agrave; sau c&aacute;c chương tr&igrave;nh d&agrave;nh cho trẻ em.</p>\r\n<p>Phương &aacute;n 2, quy định khung thời gian kh&ocirc;ng được quảng c&aacute;o rượu, bia tr&ecirc;n b&aacute;o n&oacute;i, b&aacute;o h&igrave;nh trong thời gian từ 19h đến 20h h&agrave;ng ng&agrave;y; ngay trước, trong v&agrave; sau c&aacute;c chương tr&igrave;nh d&agrave;nh cho trẻ em.</p>\r\n<p>Kết quả, c&oacute; 72,52% đại biểu biểu quyết cho phương &aacute;n 1.</p>\r\n<p>Như vậy, trong 3 vấn đề được đưa ra lấy &yacute; kiến chỉ c&oacute; quy định về khung thời gian kh&ocirc;ng được quảng c&aacute;o rượu, bia tr&ecirc;n b&aacute;o n&oacute;i, b&aacute;o h&igrave;nh nhận được sự thống nhất.</p>\r\n<p>&ldquo;Với 3 nội dung xin &yacute; kiến, thực sự Quốc hội rất d&acirc;n chủ, c&acirc;n nhắc thận trọng, khẳng định kh&ocirc;ng c&oacute; thế lực n&agrave;o, nh&oacute;m lợi &iacute;ch n&agrave;o t&aacute;c động v&agrave;o quyết định ng&agrave;y h&ocirc;m nay&rdquo;, b&agrave; T&ograve;ng Thị Ph&oacute;ng nhấn mạnh.</p>\r\n<p>Theo quy định, nếu cả 2 phương &aacute;n đều kh&ocirc;ng nhận được sự đồng &yacute; của đa số đại biểu (tr&ecirc;n 50%), Quốc hội sẽ phải tiếp tục tiếp thu, giải tr&igrave;nh cho ph&ugrave; hợp.</p>', 2, 'standard', '2019-06-01', '/img/posts/1/main.jpg', 4, 8, '2019-06-01', NULL);
INSERT INTO `post` VALUES (2, 'Phó chủ tịch Sơn La bị cảnh cáo vì liên quan gian lận thi cử', 'Ông Phạm Văn Thuỷ và Hoàng Tiến Đức chịu trách nhiệm chính về những vi phạm trong công tác tổ chức kỳ thi THPT quốc gia 2018 tại Sơn La. ', '2019-06-11', 4, 'accepted', '<p><strong>&Ocirc;ng Phạm Văn Thuỷ v&agrave; Ho&agrave;ng Tiến Đức chịu tr&aacute;ch nhiệm ch&iacute;nh về những vi phạm trong c&ocirc;ng t&aacute;c tổ chức kỳ thi THPT quốc gia 2018 tại Sơn La.&nbsp;</strong></p>\r\n<p class=\"Normal\">Tại kỳ họp thứ 36 (từ 29 đến 31/5), Ủy ban Kiểm tra Trung ương đ&atilde; xem x&eacute;t, kết luận việc kiểm tra khi c&oacute; dấu hiệu vi phạm đối với Ban thường vụ Tỉnh ủy Sơn La.</p>\r\n<p class=\"Normal\">Theo đ&oacute;, Ban thường vụ Tỉnh ủy Sơn La đ&atilde; chấp h&agrave;nh kh&ocirc;ng nghi&ecirc;m nguy&ecirc;n tắc tập trung d&acirc;n chủ v&agrave; quy chế l&agrave;m việc, thiếu l&atilde;nh đạo, chỉ đạo, kiểm tra, gi&aacute;m s&aacute;t, để xảy ra một số vi phạm, khuyết điểm trong c&ocirc;ng t&aacute;c c&aacute;n bộ, thực hiện một số dự &aacute;n đầu tư x&acirc;y dựng, nhất l&agrave; c&ocirc;ng t&aacute;c tổ chức kỳ thi trung học phổ th&ocirc;ng (THPT) quốc gia năm 2018.</p>\r\n<p class=\"Normal\"><img src=\"https://i-vnexpress.vnecdn.net/2019/06/03/ongthuy1-5427-1532349715-680x0-8443-1559554275.jpg\" alt=\"\" /></p>\r\n<p class=\"Normal\">Kết luận n&ecirc;u r&otilde;, &ocirc;ng Phạm Văn Thủy - Tỉnh ủy vi&ecirc;n, Ph&oacute; chủ tịch UBND tỉnh, Trưởng ban chỉ đạo thi THPT v&agrave; &ocirc;ng Ho&agrave;ng Tiến Đức, Tỉnh ủy vi&ecirc;n, Gi&aacute;m đốc Sở Gi&aacute;o dục Đ&agrave;o tạo, Ph&oacute; trưởng ban thường trực Ban chỉ đạo, Chủ tịch Hội đồng, Trưởng ban chấm thi THPT chịu tr&aacute;ch nhiệm ch&iacute;nh về những vi phạm trong c&ocirc;ng t&aacute;c tổ chức kỳ thi THPT quốc gia năm 2018 tại tỉnh Sơn La.</p>\r\n<p class=\"Normal\">Những vi phạm đ&oacute; đ&atilde; \"g&acirc;y hậu quả rất nghi&ecirc;m trọng, ảnh hưởng xấu đến uy t&iacute;n của cấp ủy, ch&iacute;nh quyền địa phương v&agrave; ng&agrave;nh gi&aacute;o dục, g&acirc;y bức x&uacute;c trong x&atilde; hội, để nhiều c&aacute;n bộ, đảng vi&ecirc;n li&ecirc;n quan bị xử l&yacute; h&igrave;nh sự\".</p>\r\n<p class=\"Normal\">&Ocirc;ng Cầm Ngọc Minh - nguy&ecirc;n Ph&oacute; b&iacute; thư Tỉnh ủy, nguy&ecirc;n B&iacute; thư Ban c&aacute;n sự đảng, nguy&ecirc;n Chủ tịch UBND tỉnh c&ugrave;ng chịu tr&aacute;ch nhiệm về những vi phạm, khuyết điểm của Ban Thường vụ Tỉnh ủy v&agrave; chịu tr&aacute;ch nhiệm người đứng đầu về những vi phạm, khuyết điểm của UBND tỉnh.</p>\r\n<p class=\"Normal\">&Ocirc;ng Ho&agrave;ng Văn Chất - B&iacute; thư Tỉnh ủy, Chủ tịch HĐND tỉnh chịu tr&aacute;ch nhiệm người đứng đầu về những vi phạm, khuyết điểm của Ban Thường vụ Tỉnh ủy Sơn La.</p>\r\n<p class=\"Normal\">Ủy ban Kiểm tra Trung ương đ&atilde; quyết định kỷ luật cảnh c&aacute;o &ocirc;ng Phạm Văn Thủy; khiển tr&aacute;ch &ocirc;ng Cầm Ngọc Minh; đề nghị Ban B&iacute; thư xem x&eacute;t, thi h&agrave;nh kỷ luật &ocirc;ng Ho&agrave;ng Tiến Đức.</p>\r\n<p class=\"Normal\">Ban Thường vụ Tỉnh ủy Sơn La v&agrave; &ocirc;ng Ho&agrave;ng Văn Chất được y&ecirc;u cầu kiểm điểm, r&uacute;t kinh nghiệm s&acirc;u sắc v&agrave; sớm c&oacute; biện ph&aacute;p khắc phục, sửa chữa trong thời gian tới.</p>\r\n<p class=\"Normal\">UBKT Trung ương cũng y&ecirc;u cầu Ban c&aacute;n sự đảng Bộ Gi&aacute;o dục Đ&agrave;o tạo, Ủy ban kiểm tra Tỉnh ủy c&aacute;c tỉnh H&agrave; Giang, H&ograve;a B&igrave;nh khẩn trương tiến h&agrave;nh kiểm tra, kiểm điểm, xử l&yacute; đối với c&aacute;c tập thể, c&aacute; nh&acirc;n vi phạm trong c&ocirc;ng t&aacute;c tổ chức kỳ thi THPT quốc gia năm 2018.</p>', 2, 'standard', '2019-06-01', '/img/posts/2/main.jpg', 4, 8, '2019-06-01', NULL);
INSERT INTO `post` VALUES (3, 'Người đàn ông bị ôtô tông văng xuống sông Tiền', 'Ôtô tải tông hai người đi xe máy trên cầu Rạch Miễu khiến một nạn nhân rớt xuống sông tử vong, người còn lại chết tại bệnh viện.', '2019-06-03', 6, 'accepted', '<p><strong>&Ocirc;t&ocirc; tải t&ocirc;ng hai người đi xe m&aacute;y tr&ecirc;n cầu Rạch Miễu khiến một nạn nh&acirc;n rớt xuống s&ocirc;ng tử vong, người c&ograve;n lại chết tại bệnh viện.</strong></p>\r\n<p><strong><img src=\"https://i-vnexpress.vnecdn.net/2019/06/03/XE-TAI-TONG-CAU-RACH-MIEU-2-7177-1559559633.jpg\" alt=\"\" width=\"500\" height=\"323\" /></strong></p>\r\n<p class=\"Normal\">Trưa 3/6, t&agrave;i xế Đỗ Văn &Uacute;t (41 tuổi) l&aacute;i xe tải qua cầu Rạch Miễu (Bến Tre), hướng từ Tiền Giang về. Vừa xuống dốc, &ocirc;t&ocirc; bất ngờ lao sang l&agrave;n đường ngược lại đ&acirc;m tr&uacute;ng xe m&aacute;y của hai người đ&agrave;n &ocirc;ng, tiếp tục lao thẳng v&agrave;o th&agrave;nh cầu.</p>\r\n<p class=\"Normal\">C&uacute; t&ocirc;ng mạnh khiến nạn nh&acirc;n 43 tuổi, qu&ecirc; Bến Tre, văng xuống s&ocirc;ng Tiền tử vong. Người c&ograve;n lại 49 tuổi, qu&ecirc; Tiền Giang, được đưa đi cấp nhưng kh&ocirc;ng qua khỏi.</p>\r\n<p class=\"Normal\">Tại hiện trường &ocirc;t&ocirc; tải vỡ n&aacute;t phần đầu, ghim v&agrave;o th&agrave;nh cầu, xe m&aacute;y bẹp d&uacute;m nằm dưới lườn xe tải. Giao th&ocirc;ng qua cầu bị &ugrave;n ứ cục bộ.</p>\r\n<p class=\"Normal\">Sau tai nạn, t&agrave;i xế xe tải đến c&ocirc;ng an tr&igrave;nh diện.</p>\r\n<p class=\"Normal\"><img src=\"https://i-vnexpress.vnecdn.net/2019/06/03/DUA-NAN-NHAN-LEN-BO-3263-1559559634.jpg\" alt=\"\" /></p>\r\n<p class=\"Normal\">Kh&aacute;nh th&agrave;nh năm 2009, cầu Rạch Miễu d&agrave;i hơn 8,3 km bao gồm cả đường dẫn nối 2 đầu cầu, rộng 12-15 m. Từ khi cầu Cổ Chi&ecirc;n tr&ecirc;n quốc lộ 60 nối Bến Tre - Tr&agrave; Vinh đưa v&agrave;o sử dụng năm 2015, lượng xe tr&ecirc;n tuyến n&agrave;y tăng đột biến, thường xuy&ecirc;n kẹt xe nhất l&agrave; c&aacute;c dịp lễ Tết.</p>', 3, 'standard', '2019-06-01', '/img/posts/3/main.jpg', 5, 8, '2019-06-01', NULL);
INSERT INTO `post` VALUES (4, 'CSGT sẽ được cấp máy tính bảng để tra lỗi vi phạm của tài xế', 'Cục CSGT và Tổng Cục đường bộ đã chia sẻ dữ liệu, giúp lực lượng chức năng kiểm soát trên đường có thể tra cứu tại chỗ.', '2019-06-03', 6, 'accepted', '<p><strong>Cục CSGT v&agrave; Tổng Cục đường bộ đ&atilde; chia sẻ dữ liệu, gi&uacute;p lực lượng chức năng kiểm so&aacute;t tr&ecirc;n đường c&oacute; thể tra cứu tại chỗ.</strong></p>\r\n<p><strong><img src=\"https://i-vnexpress.vnecdn.net/2019/06/03/CSGT1-5783-1559552439.jpg\" alt=\"\" /></strong></p>\r\n<p class=\"Normal\">Ng&agrave;y 3/6, đại diện Cục CSGT cho biết, sau gần một tuần ra mắt v&agrave; 3 ng&agrave;y ch&iacute;nh thức vận h&agrave;nh (bắt đầu từ 1/6), phần mềm tra cứu lỗi vi phạm giao th&ocirc;ng&nbsp;đ&atilde; c&oacute; hơn một triệu lượt truy cập.</p>\r\n<p class=\"Normal\">CSGT c&aacute;c tỉnh, th&agrave;nh đ&atilde; cập nhật l&ecirc;n hệ thống 5.600 trường hợp vi phạm, trong đ&oacute; 5.000 trường hợp bị tước giấy ph&eacute;p l&aacute;i xe, 600 trường hợp bị hệ thống camera gi&aacute;m s&aacute;t ph&aacute;t hiện.</p>\r\n<p class=\"Normal\">Hiện nay Cục CSGT đ&atilde; chia sẻ với Tổng Cục đường bộ về dữ liệu t&agrave;i xế vi phạm. Ngược lại Tổng Cục đường bộ trao cho CSGT quyền truy cập v&agrave;o hệ thống quản l&yacute; giấy ph&eacute;p l&aacute;i xe, từ đ&oacute; lực lượng chức năng kiểm so&aacute;t tr&ecirc;n đường c&oacute; thể tra cứu để kiểm tra bằng l&aacute;i thật hay giả, nơi cấp, thời gian cấp, hạng giấy ph&eacute;p được ph&eacute;p điều khiển phương tiện...</p>\r\n<p class=\"Normal\">Ngược lại, cơ quan cấp giấy ph&eacute;p l&aacute;i xe, th&ocirc;ng qua phần mềm cũng biết được t&igrave;nh trạng giấy ph&eacute;p l&aacute;i xe, bao nhi&ecirc;u lần bị CSGT tạm giữ, xử l&yacute; vi phạm.</p>\r\n<p class=\"Normal\">Hơn 200 t&agrave;i khoản truy cập v&agrave;o phần mềm tra cứu giấy ph&eacute;p l&aacute;i xe đ&atilde; được trao cho CSGT ở c&aacute;c địa phương, khi hệ thống ho&agrave;n thiện, to&agrave;n bộ cảnh s&aacute;t tr&ecirc;n to&agrave;n quốc sẽ c&oacute; quyền truy cập, tra cứu th&ocirc;ng qua điện thoại, m&aacute;y t&iacute;nh bảng.</p>\r\n<p class=\"Normal\">\"Tiến tới cảnh s&aacute;t l&agrave;m nhiệm vụ tr&ecirc;n đường sẽ được trang bị m&aacute;y t&iacute;nh bảng để tiện cho việc tra cứu lỗi vi phạm v&agrave; bằng l&aacute;i của t&agrave;i xế, tr&aacute;nh phải gửi giấy qua bưu điện x&aacute;c nhận mất thời gian v&agrave; tốn k&eacute;m\", đại diện Cục CSGT n&oacute;i.</p>\r\n<p class=\"Normal\">Trước đ&oacute;, ng&agrave;y 1/6, phầm mềm tra cứu lỗi vi phạm giao th&ocirc;ng được t&iacute;ch hợp tr&ecirc;n Website Cục CSGT, địa chỉ&nbsp;<a href=\"http://www.csgt.vn/\" target=\"_blank\" rel=\"nofollow\">http://www.csgt.vn</a>&nbsp;bắt đầu hoạt động. Hệ thống n&agrave;y cung cấp th&ocirc;ng tin về biển số xe, thời gian, địa điểm, đơn vị ph&aacute;t hiện vi phạm v&agrave; số điện thoại li&ecirc;n hệ để giải quyết. Người d&acirc;n tr&ecirc;n to&agrave;n quốc c&oacute; thể truy cập v&agrave;o phần mềm n&agrave;y, nhập biển số xe, m&atilde; bảo mật, nhấn n&uacute;t tra cứu l&agrave; c&oacute; thể t&igrave;m được th&ocirc;ng tin về xe của m&igrave;nh.</p>\r\n<p class=\"Normal\">Theo l&atilde;nh đạo Cục CSGT, hệ thống tra cứu chỉ cung cấp th&ocirc;ng tin về những vi phạm do hệ thống camera gi&aacute;m s&aacute;t tr&ecirc;n c&aacute;c trục đường, cao tốc..., chứ kh&ocirc;ng bao gồm tất cả c&aacute;c h&agrave;nh vi như uống rượu, sử dụng ma t&uacute;y.</p>', 3, 'standard', '2019-06-01', '/img/posts/4/main.jpg', 5, 8, '2019-06-01', NULL);
INSERT INTO `post` VALUES (5, 'Thiết kế hướng đến cư dân trẻ của căn hộ cao cấp Opal Boulevard', 'Toàn bộ căn hộ đều có lô gia, phòng bếp và phòng khách kết nối tạo không gian sinh hoạt tiện nghi, nội thất sử dụng thương hiệu cao cấp.', '2019-06-04', 5, 'accepted', '<p><strong>To&agrave;n bộ căn hộ đều c&oacute; l&ocirc; gia, ph&ograve;ng bếp v&agrave; ph&ograve;ng kh&aacute;ch kết nối tạo kh&ocirc;ng gian sinh hoạt tiện nghi, nội thất sử dụng thương hiệu cao cấp.</strong></p>\r\n<p class=\"Normal\"><strong>Thiết kế sang trọng, tối ưu ho&aacute; c&ocirc;ng năng</strong></p>\r\n<p>Tọa lạc ngay vị tr&iacute; giao thương của TP HCM, B&igrave;nh Dương v&agrave; Đồng Nai, khu căn hộ cao cấp Opal Boulevard gồm hai th&aacute;p với 1.446 căn hộ v&agrave; 22 căn thương mại dịch vụ, c&oacute; diện t&iacute;ch đa dạng từ 71-109m2.</p>\r\n<p>Opal Boulevard l&agrave; c&ocirc;ng tr&igrave;nh ph&aacute;t triển theo phong c&aacute;ch kiến tr&uacute;c đương đại nhằm ph&ugrave; hợp với những người trẻ hoặc c&aacute;c gia đ&igrave;nh c&oacute; phong c&aacute;ch sống năng động v&agrave; hiện đại. C&aacute;c căn hộ tại dự &aacute;n được thiết kế tinh tế, th&ocirc;ng minh tạo kh&ocirc;ng gian tho&aacute;ng đ&atilde;ng, tối ưu c&ocirc;ng năng sử dụng của căn hộ theo sở th&iacute;ch v&agrave; nhu cầu của gia chủ.</p>\r\n<p>Tọa lạc ngay vị tr&iacute; giao thương của TP HCM, B&igrave;nh Dương v&agrave; Đồng Nai, khu căn hộ cao cấp Opal Boulevard gồm hai th&aacute;p với 1.446 căn hộ v&agrave; 22 căn thương mại dịch vụ, c&oacute; diện t&iacute;ch đa dạng từ 71-109m2.</p>\r\n<p>Opal Boulevard l&agrave; c&ocirc;ng tr&igrave;nh ph&aacute;t triển theo phong c&aacute;ch kiến tr&uacute;c đương đại nhằm ph&ugrave; hợp với những người trẻ hoặc c&aacute;c gia đ&igrave;nh c&oacute; phong c&aacute;ch sống năng động v&agrave; hiện đại. C&aacute;c căn hộ tại dự &aacute;n được thiết kế tinh tế, th&ocirc;ng minh tạo kh&ocirc;ng gian tho&aacute;ng đ&atilde;ng, tối ưu c&ocirc;ng năng sử dụng của căn hộ theo sở th&iacute;ch v&agrave; nhu cầu của gia chủ.</p>\r\n<p><img src=\"https://i-kinhdoanh.vnecdn.net/2019/06/03/2141352213-w500-3366-1559545840.png\" alt=\"\" /></p>\r\n<p>Điểm nhấn độc đ&aacute;o của c&aacute;c căn hộ Opal Boulevard l&agrave; ph&ograve;ng kh&aacute;ch được thiết kế nối với bếp v&agrave; khu vực b&agrave;n ăn. Kiến tr&uacute;c kết nối tạo kh&ocirc;ng gian mở gi&uacute;p gắn kết c&aacute;c th&agrave;nh vi&ecirc;n trong gia đ&igrave;nh trong từng khoảnh khắc. Chẳng hạn như ba đọc s&aacute;ch, mẹ nấu ăn, con c&aacute;i c&oacute; thể vui đ&ugrave;a hoặc xem tivi m&agrave; vẫn tương t&aacute;c với nhau.</p>\r\n<p class=\"Normal\">Đặc biệt, với &yacute; tưởng ph&aacute; bỏ những bức tường b&iacute; b&aacute;ch, c&aacute;c ph&ograve;ng ngủ đều c&oacute; cửa sổ lớn đ&oacute;n nắng v&agrave; gi&oacute; tự nhi&ecirc;n tho&aacute;ng m&aacute;t. Từ &ocirc; cửa, gia chủ c&oacute; thể tự do nh&igrave;n ngắm bầu trời, vườn c&acirc;y xanh m&aacute;t hoặc khung cảnh th&agrave;nh phố khi đ&ecirc;m về. Theo đại diện chủ đầu tư, nếu kh&aacute;ch h&agrave;ng t&igrave;m kiếm căn hộ rộng r&atilde;i nhưng vẫn đầy đủ sự ri&ecirc;ng tư th&igrave; Opal Boulevard sẽ l&agrave; lựa chọn đ&aacute;ng c&acirc;n nhắc.</p>\r\n<p class=\"Normal\">C&aacute;c căn hộ c&ograve;n c&oacute; l&ocirc; gia nối liền với ph&ograve;ng kh&aacute;ch, đ&acirc;y sẽ l&agrave; nơi cư d&acirc;n c&oacute; thể thư gi&atilde;n ngắm nh&igrave;n cảnh vật b&ecirc;n ngo&agrave;i hay tự tay b&agrave;y tr&iacute; tiểu cảnh, trồng hoa, mang thi&ecirc;n nhi&ecirc;n đa sắc, sống động v&agrave;o ng&ocirc;i nh&agrave; của m&igrave;nh.</p>\r\n<p class=\"Normal\"><img src=\"https://i-kinhdoanh.vnecdn.net/2019/06/03/1408345881-w500-1855-1559545841.png\" alt=\"\" /></p>\r\n<p><strong>Nội thất thương hiệu cao cấp</strong></p>\r\n<p>\"Mong muốn mang đến trải nghiệm cao cấp cho gia chủ trong ng&ocirc;i nh&agrave; của m&igrave;nh, ch&uacute;ng t&ocirc;i c&ugrave;ng c&aacute;c nh&agrave; thiết kế gi&agrave;u kinh nghiệm đ&atilde; nghi&ecirc;n cứu v&agrave; đầu tư c&aacute;c vật liệu v&agrave; trang thiết bị cao cấp cho căn hộ Opal Boulevard\", đại diện chủ đầu tư nhấn mạnh.</p>\r\n<p>Theo đ&oacute;, to&agrave;n bộ ph&ograve;ng kh&aacute;ch, bếp đều được l&aacute;t gạch granite cao cấp bền m&agrave;u, chống trầy xước v&agrave; cường lực cao. Sự xuất hiện của gạch granite khổ 800x800 sẽ g&oacute;p phần tạo ra kh&ocirc;ng gian sống rộng r&atilde;i hơn. Khu vực bếp được trang bị sẵn tủ bếp tr&ecirc;n v&agrave; dưới bằng gỗ c&ocirc;ng nghiệp cao cấp. Mặt bếp bằng đ&aacute; granite tự nhi&ecirc;n sang trọng.</p>\r\n<p><img src=\"https://i-kinhdoanh.vnecdn.net/2019/06/03/323967658-w500-2768-1559545841.png\" alt=\"\" /></p>\r\n<p>Ri&ecirc;ng ph&ograve;ng ngủ sẽ được trang bị s&agrave;n gỗ nhập khẩu cao cấp mang lại sự ấm &aacute;p, sạch sẽ, m&aacute;t mẻ. Ph&ograve;ng tắm chủ đầu tư trang bị v&aacute;ch k&iacute;nh cường lực chất lượng cao ngăn khu vực tắm đứng v&agrave; vệ sinh c&aacute; nh&acirc;n. Ngo&agrave;i ra, mỗi căn hộ cũng đều trang bị thẻ từ v&agrave; hệ thống li&ecirc;n lạc nội bộ video intercom nhằm đảm bảo an ninh cho gia chủ.</p>\r\n<p>Nh&agrave; l&agrave; nơi để bạn c&ugrave;ng gia đ&igrave;nh tận hưởng v&agrave; sẻ chia mọi cung bậc cảm x&uacute;c, mọi c&acirc;u chuyện thường ng&agrave;y. \"Định h&igrave;nh phong c&aacute;ch năng động v&agrave; hiện đại, sang trọng nhưng vẫn gần gũi v&agrave; ấm &aacute;p, Opal Boulevard sẽ l&agrave; nơi c&ugrave;ng bạn trải qua mọi khoảnh khắc đ&aacute;ng nhớ c&ugrave;ng gia đ&igrave;nh\", vị đại diện n&agrave;y n&oacute;i.</p>', 5, 'standard', '2019-06-01', '/img/posts/5/main.jpg', 4, 9, '2019-06-01', NULL);
INSERT INTO `post` VALUES (6, 'Vincom đầu tiên tại Bình Dương sắp khai trương', 'Trung tâm thương mại Vincom đầu tiên của Bình Dương dự kiến đi vào vận hành sau khoảng từ 2 đến 3 tháng tới.', '2019-06-04', 3, 'accepted', '<p><strong>Trung t&acirc;m thương mại&nbsp;Vincom Plaza đầu ti&ecirc;n của B&igrave;nh Dương dự kiến đi v&agrave;o vận h&agrave;nh trong qu&yacute; 4 tới.</strong></p>\r\n<p class=\"Normal\">Dự &aacute;n hiện x&acirc;y dựng đến tầng 5 v&agrave; chuẩn bị cất n&oacute;c. C&aacute;c c&ocirc;ng nh&acirc;n v&agrave; nh&agrave; thầu vẫn đang l&agrave;m việc li&ecirc;n tục trong điều kiện thời tiết nắng n&oacute;ng, đảm bảo c&ocirc;ng tr&igrave;nh khai trương theo đ&uacute;ng tiến độ.</p>\r\n<p class=\"Normal\">Sau khi ho&agrave;n th&agrave;nh, Vincom Plaza Dĩ An sẽ trở th&agrave;nh một trong 3 trung t&acirc;m thương mại lớn nhất tại B&igrave;nh Dương, c&ugrave;ng với Aeon Mall, Lotte Mart.</p>\r\n<p class=\"Normal\"><img src=\"https://i-kinhdoanh.vnecdn.net/2019/06/03/3-6-201938-521152636-w500-8075-1559553620.png\" alt=\"\" /></p>\r\n<p class=\"Normal\">B&ecirc;n cạnh đ&oacute;, trung t&acirc;m thương mại Vincom Plaza Dĩ An nằm trong khu&ocirc;n vi&ecirc;n của dự &aacute;n khu phức hợp căn hộ cao cấp Charm City của chủ đầu tư DCT Partners Việt Nam tại Dĩ An (B&igrave;nh Dương).</p>\r\n<p class=\"Normal\">Dự &aacute;n tọa lạc tại vị tr&iacute; đắc địa khi nằm tr&ecirc;n tuyến đường huyết mạch DT743 v&agrave; DT743B, xung quanh l&agrave; c&aacute;c khu c&ocirc;ng nghiệp S&oacute;ng Thần, VSIP, tập trung gần 50.000 c&aacute;c chuy&ecirc;n gia cao cấp nước ngo&agrave;i.</p>\r\n<p class=\"Normal\">Dự &aacute;n hội tụ c&aacute;c dịch vụ, tiện &iacute;ch đa dạng như: khu phố thời trang trung cao cấp, khu ẩm thực đa dạng, rạp chiếu phim, si&ecirc;u thị điện m&aacute;y VinPro, si&ecirc;u thị VinMart, khu vui chơi trẻ em, khu shophouse...</p>\r\n<p class=\"Normal\"><img src=\"https://i-kinhdoanh.vnecdn.net/2019/06/10/2-4-1771-1560158363.jpg\" alt=\"\" /></p>\r\n<p class=\"Normal\">Khu shopping của Vincom Plaza Dĩ An sẽ quy tụ nhiều thương hiệu uy t&iacute;n trong nước v&agrave; quốc tế, từ c&aacute;c thương hiệu thời trang, phụ kiện, trang sức cao cấp đến đồ d&ugrave;ng nội thất, chăm s&oacute;c gia đ&igrave;nh.</p>\r\n<p class=\"Normal\">Ngo&agrave;i ra, Vincom Plaza Dĩ An sẽ c&oacute; 2 tầng hội tụ h&agrave;ng chục nh&agrave; h&agrave;ng ẩm thực đa phong c&aacute;ch Trung Hoa, H&agrave;n Quốc, Nhật Bản đến c&aacute;c m&oacute;n ăn đậm chất Việt Nam. C&aacute;c thương hiệu c&agrave; ph&ecirc;, tr&agrave; sữa nổi tiếng cũng sẽ xuất hiện tại trung t&acirc;m thương mại nhằm phục vụ h&agrave;ng ngh&igrave;n cư d&acirc;n của khu phức hợp căn hộ cao cấp Charm City v&agrave; d&acirc;n cư l&acirc;n cận.</p>\r\n<p class=\"Normal\"><img src=\"https://i-kinhdoanh.vnecdn.net/2019/06/03/3-6-20198-72307351-w500-7523-1559553623.png\" alt=\"\" /></p>\r\n<p class=\"Normal\">Chủ đầu tư dự kiến, mỗi năm, Vincom Plaza Dĩ An sẽ đ&oacute;n h&agrave;ng triệu kh&aacute;ch, trở th&agrave;nh điểm mua sắm, giải tr&iacute; v&agrave; ẩm thực h&uacute;t kh&aacute;ch tại khu vực.</p>\r\n<p class=\"Normal\">Tiến sĩ Trần Nguyễn Minh Hải - Chuy&ecirc;n gia Địa ốc Đại học Ng&acirc;n h&agrave;ng TP.HCM cho rằng, khi khu đại trung t&acirc;m thương mại Vincom Plaza Dĩ An&nbsp;đi v&agrave;o vận h&agrave;nh, sẽ tạo ra đ&ograve;n bẩy khổng lồ cho thị trường bất động sản quanh dự &aacute;n.</p>\r\n<p class=\"Normal\"><img src=\"https://i-kinhdoanh.vnecdn.net/2019/06/03/3-6-201914-w500-1737-1559553624.png\" alt=\"\" /></p>\r\n<p class=\"Normal\">Trước mắt, trong th&aacute;ng 6, chủ đầu tư DCT Partners Việt Nam (DCT Group) sẽ c&ocirc;ng bố ra thị trường khoảng 500 căn hộ c&oacute; gi&aacute; chỉ từ 1,1 tỷ mỗi căn trong khu phức hợp căn hộ cao cấp Charm City.</p>\r\n<p class=\"Normal\">Theo chủ đầu tư, khối căn hộ mới sắp được c&ocirc;ng bố sẽ thuộc ph&acirc;n kh&uacute;c cao cấp, hướng đến đối tượng kh&aacute;ch h&agrave;ng l&agrave; c&aacute;c chuy&ecirc;n gia nước ngo&agrave;i l&agrave;m việc trong c&aacute;c khu c&ocirc;ng nghiệp VSIP, S&oacute;ng Thần...xung quanh dự &aacute;n.</p>\r\n<p class=\"Normal\">Ngo&agrave;i ra, khu phức hợp căn hộ cao cấp Charm City sẽ cung ứng h&agrave;ng loạt c&aacute;c tiện &iacute;ch cao cấp như tổ hợp 3 hồ bơi ti&ecirc;u chuẩn Olympic, hồ bơi resort, ốc đảo, hồ bơi tr&ecirc;n kh&ocirc;ng rộng gần 2.000 m2 c&ugrave;ng hệ thống Chill Bar, nh&agrave; h&agrave;ng Droftop...tr&ecirc;n đỉnh to&agrave; nh&agrave;.</p>\r\n<p class=\"Normal\">Chủ đầu tư cho biết, ngo&agrave;i Charm City, trong qu&yacute; III/2019, trong v&ograve;ng b&aacute;n k&iacute;nh 3 km t&iacute;nh từ khu Vincom, sẽ c&oacute; khoảng gần 2.000 căn hộ được c&ocirc;ng bố ra thị trường.</p>', 5, 'standard', '2019-06-01', '/img/posts/6/main.jpg', 4, 9, '2019-06-01', NULL);
INSERT INTO `post` VALUES (7, 'Giá xăng tiếp tục giảm', 'Mỗi lít xăng RON 95 giảm 380 đồng, xăng E5 RON 92 giảm 270 đồng một lít.', '2019-07-10', 19, 'accepted', '<p><strong>Mỗi l&iacute;t xăng RON 95 giảm 380 đồng, xăng E5 RON 92 giảm 270 đồng một l&iacute;t.</strong></p>\r\n<p>Theo th&ocirc;ng tin điều h&agrave;nh của li&ecirc;n Bộ C&ocirc;ng Thương - T&agrave;i ch&iacute;nh, c&aacute;c mặt h&agrave;ng xăng, dầu trong nước đồng loạt giảm gi&aacute; b&aacute;n lẻ từ 15h ng&agrave;y 1/6. Cụ thể, mỗi l&iacute;t xăng RON 95 giảm 380 đồng, xăng E5 RON 92 l&agrave; 269 đồng, dầu diesel giảm 220 đồng, dầu hoả 197 đồng v&agrave; madut 182 đồng một kg.&nbsp;</p>\r\n<p>Sau điều chỉnh, mỗi l&iacute;t xăng RON 95 tối đa 21.219 đồng; xăng E5 RON 92 l&agrave; 20.219 đồng; dầu diesel kh&ocirc;ng cao hơn 17.394 đồng; dầu hoả 16.225 đồng...</p>\r\n<p><img src=\"data:image/png;base64,iVBORw0KGgoAAAANSUhEUgAAARMAAAC3CAMAAAAGjUrGAAABDlBMVEX////y8vLl6vX7+/u4uLj19fX8/Pz4+Pjk5OTFxcW9vb3VNze0tLSwsLDg4ODr6+vS0tKDv/jb29vIyMjU1NTZ6vzo6OipqamioqKNjY3y+P5PT0/VMDBubm4AAABWrfaYmJhbW1t3d3doaGiampqFhYXfdXXvvr7PAAD88/PXRER/f39WVlb11tZ2dnblkpJqtfc9PT1CpfVJSUmQxvj44uIlnfTssrLRHh7zz8++3fvRExM0NDQmJib44eGx1vrbYWHL5PxesPbooaHXSUndaWkVFRWn0fqLw/fu/P8gICDiiopmX1jZ4up6i5ywwtTC0d+z0OzbeXm+ra2/k5O4np7ToKDqqqpseoaXcnIJ8LnyAAAUw0lEQVR4nO1diV/bupMf1adU2xKy8YExOLFdoElTSGhKgT6gx2v3HXv07W+7+///IyunxJYpCUcDSdp83/uUKJIn0mg0M7rGACussMLigSv06lfuPOqxQEBB5Fz5ysFzqcn8YQ6KdgQBg6JdfdUR/xQUkqJRsgsQVlzCUTNzhF7HrxNBL/Mh6QUANANodzqzr/tDwckBbEIRENUAzpj4yu8wExxFJwQME/OylIkdnQtZKhOmCUzRLA6OTzTQiUgD9bH41yWgOK5JR5xrg9G2XOgZbi8DJ4LInGcz7wQnBdCKwAsIK+B31hE6xH/rJWaBIkZSesoz0RYn8d4qXSUzO4JnSuy1y488LLwYWqwjRIF1eax3mNvT3vJuaKUj0lYQUQg9A1oAWSeZazPvhJInqLB5N4oGkACzhSBE4ISRdhpFLRqB6GvIHQiNFrAwIeIRvgXlRzd0IPEjoIInrg2paQR5phVQIGU0DNWsHIChB4InTMiJN9+G3gGjsYNtLvoSC56IxoHfBteKUCy+EU22BU8CFyIj4yJR8qRou574iAVPMtQDfskTOtCgNeKJVvLELkbP9VDJExsDsebd1FvDPCh1bOjxLLEhA1c00D8oyi52k2zME6FuY6WrtYpynOAIYieL2lbORWuDdk+wUTwW+UURdbUOdKjWE7K3FXVsoWND8bTgbtLpzbulM4bnQqJfn5WD9Yua7O+dlzFYpD5qTVZYYYUVVlhhoWCo2Fe5ZylEHfngKwhnEWwEFgGLcVUb+wnoF4EygSnYgUBXwWbcMla+0whmzrDFma2plmL/oi72CiussMIvAj3F4PoAUQ6ULNOi9AOCewf8Dw/oKYMsCkg27/osBOy03ClCXkyKJKetGVP3WxZESDilEe/1aGvSKtdigW2FEDLgrZZvx6wbzZg812L3lAIULeB2x1+OzRFDQ6Do4q/4rIA2c/qZV+6OuMkptCAxlmpoPnshJfbO92ZFN3gblTzR6AAG4J4uk9/+7OToWYUvT4+ez4wpy4v3ux9e1PhysvtmtvT3jn6bLcGHh775vjGL/7r39P0s6StHR7vLJnnnr7/76tn5DOm/Ptp9OUNyj4Gvz6758vXRqxmRf/XhmT7jsfjgeHF07de//c+gC3G5G5+hzpZz0HBd2l3XPRWu2B8oiIP2AElZnS7x3gJob027m3cG9OXRsjFEKJOTSQKxd4AiwRM1Ef5W6DRdXNtiXeGS9XzIoIUbNlYNmCjLOw4k0GX/WrZRU+J8Z1LOAf84OqGQQaIFuMGTcmIUi7+FT3swCOS19rJgmRU5WgYDdZlckjHeX6dMRvA6xQviCUEKIASl3TifExUYcvFXRSYGUjSzCJSnNQhF/zx3rzlCt/B4sTk1Wxjl5sj6bXJqr2FuXwl3+NmyGeARlJObqv1x9xnoY8DO7lcp9WX3RZ3a+/B0r8767eR8c/l06wgfJiqTMc6PTp7WONnclVK7m1Le5tHRUZ0SXtqNpBcIRQd6ljCnAeD/fpmwG0rrz2WX9tWuPFl8vSlL2ZePEx9bdChekZMYeJo43X+F3qxXkZYTuOOW9jI63fuH5OYi8ATZFkSAbWTZxuiY5mND22rzuAB9ED37RzUPwjlU4SoUCAwLyv1ix1bmsoeuK5puIA3ef9GN8tMjYtIeuo0ER8R/jKtojnvof378ML8fvwJTuMsMuAWYCL7MrRovT06WcSLyoNjZfbqUTuYDYufozYolTbx/PuHY+a+LZx9vLvOL4cOvqV3dLlG7CKyEhRkkjWXDvc3vV6R/CXAtybwAskTrkjzsSb7Sb7Peu1kaKAd61wuB0ahF0rBnVBk7E1dfFxsUDNEIHYGBAN3PQETdwIop5F0nbUFWLwC+X1KvJO7hbqxDu+UctFi3OzvCOnw5nx21x0VHTXMT4C3NDvAPnRx60VgB+vr8458/WrV5IYq0LEEQ4rybBtHg/oT2djdPntc4OZq+Hr3ICHNHzA+B5YADsH9kmvhs9/VejS+7C7a5b3BQ7nSDWZfFHl7dx1q8/tB8asEsjhKkaniXLtc/7L7eqbF5D3uxs+BDRaOONmmR6Vp83T06f1nh48nJxO26SXhxdKcffHwEfhiEdziQ++fzr+eN9PvzO9qMVzfuZi04wtiNYgPCAc0yI47enFyzOXI332Jvd8G0x/dgeSjMycRs6uXlgYUuT5MoxdnOtV38dfP2Pb938uLmQnPGd3GPmnBiiFUMMbODVkgmua5vbt1Q/XwJJno0CPwp2UVC7GR0qiOKlMSeVOzVB5cYGQboWU5GvJZ8PAg8VS9DnbQDM1NZhibRWCi4Ab7BEOyBcoMm1Vqh7caCVEtNo4ynzSyCY/DCRI2KxLn1IXFiay0b9CwFL0fdxz1B41PEp3fezu7Lo5v24vn/7RQHQq7eWkGR+amcZaZQnJZbnlbYyehtz8JovZAQwco8gyy6ekBrBoiwM1CBdnNIHHbQvDuMUpxOvxL5anfz5kOkXmgOAtAGERuE9gGXs3hKBykYZVaqHtzaZxasjEpWHgRJPPvdY7NDQrcLqhrzzOmh5oTWdMHho71ZTYfy8gYoxpUj/zu3XAE7n25lrz3ZORlOiLoB6N0UnIIOZr4xiVUUdcFIDyB0evTKvQw7z/XSuafEZswl2LQseiVe0S1N7aunz+Uh9qphol8/Pb9HzeHJlNQPgblmiwHKVLBMp8uv5CJ0uQIYECAEAs8sr16P80pot9uI1j4c7W7WEENOSp0cnd99V1xbGw6fGGNo28PtO5OYSFrTFNGuCw0Z4lNz0RBFRP1mjYNyA13VsMtcer+4Vm92n+nKGPrL3a91SjnfvY+zNuz3t/fHeNfvD9fvVbGJ2B72N77/lo71KyVYVzWfgMcA3/NKYrPZb6bk3RLbw+HxkzHWh8Php/tVbALWh/3hxfdfK1EQLuxtuLN3F7JgbBxvfN6+pl/vDTE0r5MT8H9oxexBcdz//ruL4XFpHP3yWpxfzk2Q0cgXprNUBaZe2lHz2iwFNKXMOh6e6RfXsMTmgVDBs2vGLHFxDUvElGn/LImcLBNmumN0enocy7neFmQ9BmEUmFtalMkmnG9Br40hKEK6RdPE3t+fIHKqR8BczKPn6/0JW0gbbuS0T8EZtBBvc7stz0zoyO2FrBOhjlZGR5SyerqY3EPSKVBEM6VzjSL5BgtYuJjBE9eHEzWH/7/H4UC0MWV6QtvN2XoL1EKFHo+hgxI7l7MSg0QBdPgAor971pSJl6GqxuTc+WEKS0BjG+Hfwu2yQMdAmuoQj+JoQkjBNVDYkDRXdy6z8CEKp8x7I4qiRVkfRaO913Jmoa0fTvdZN/qfPh1L6fVDeSgcH8oM/SQb8I3D44sbLDr3EJgLYnjEeIhbome3DNi6+Cu+YaWlL5yV9TEuhOtyUaXOhImtEuvC4K7VKeHxvLvBnHvY5otid8Tkt5WZEGXifz256eylcHHfrVUQztd+lSgd3jpru9/vNwoe3lAP5IYY37AA+WiIIWwhaL3F2R+4W9zgSZ4NZfdtbbhWJ/R38uhYb8wImo8tPtRv8WPdz/+GR4GbV7jEp7Pt45tL/VL4PJRHwQol9oXqnHcdFg37w1mvkSw91m4ylL8eDle65Co+7c+7BguHs5V2vYrj7XnXYOFw/bLarwBG/cgEJaU0RTSVVinW+4uyZPHY8H7nUdCGHGcsCBO1vjA7bQ3pZ0fA7SIEnsVgpRmqFgA3FpMlzDdV37N0/KBxy0Mv70Tg9fK8iNLWeHV8YzGdV0U1LVCvxC3XZg6KDMcwdNMo/5hG+ZWhaP0LY/Y/dXtMvHNtOsi1SHkP/cHjlh821rr2+9sT9xXmDNPkquM+Rtzycpu22hnf3+73hw/6c48ICrRcRnaAOzq9kx19Um5dj3fGNz4N+z+LZxJ1jbh8E1nErbe8Fd/8QI2N/po8WD6tzfCszVxBWzAQnPg982jK7nbDqb+QRmYWiFGSUOiSIOX8Tjec9s8erE7zBgEiVLEZgGuAevVA2BQcfn64Os0JZ/K+o/7pzgeHLn6+2e/ZcLhd7zTuD2/cVbuCJ8OfL0qDsJzDz+ONxs/9O6+yD38WGyPhsD+UVKTwvtZu2pJu4N1PuJ+19v0i8uiE2S3x+Sdcln93XZv0/X3dcbWCAKS2mPlC2pgamNgo35mZByLrMJ9HlLOHhL49wbM4+69BgMvj6/gU8tgLZa9WG4QsikHBBxAOnPxODu8SYG3yIPFyryjfqpu5vZjghldr5k75YmqUsCTG6lK9ceB6ZFrYcgF3VWj/Hfw1+RUN3r//x18JoDg22VsaNxrOI6fbAmPw13+KrMEihCz8MeBYS3sEHJTw07+7U8+E6MeTXfaRS/LpZ9GvhZbhFLQDGHSt1g3nZA63h7KzsjaUnPiNZt5SI9XUrgfRX8F64NitG15vMhQu3HYF4dzVif5PtHA0wjqcfbqNR94fDo83xigX055UqXJK8OD1fDwofeGs3qrkk0PZMF18lpdJGlPHpcfFcOZXiZYeG8PhpNsAvy42jn8msV9hhRUeAZZjqq47v7jlCwiFOWaASSNu+caTXwUTmGI6avk+dDlu+bSb8U9umaU0jNYTfWLBW1PUG6kNZWLBW1OceOmf+r5qNuOWz4QnzYIz58mTh+TJNVjx5HuseDIB2pRU436a1oj34jfu8zX2TpsHM5qpBkWj8ZinTS7YWBXHjYKNWjUpmveN7oQDOdUIhKhS2WhbTLquhrAcvIp48skn0jD1jVBoli9f7Q1NqaTJiXRJD/ukZqYeyOQZlutIfFuSTcuV8hxu3y9UA6OoXl5DJvXq83+cA6lCAhjgIF71gsaRo1a9wB3k1ze7mcPqC8+aw0jdIG7mUP8aYwRVAmCwyKizHBZKBV1gdQcYnpQDjhdSiaIX1N2ouza5z31zBXzn23mkEn4ZGaRqN9cxRBXbRcv8aFwzU7TFs8b9w0G6Gq1Rz0+rYWAA5lZFg8kFDUfjVB1TdDg2a1fS1bFbXSw1iMagEmZa/nTV/bagX1NkXCNknOebLnj3ObjHc6jFF7lYrUcnc0IXjauMiGmqVQQ8rbyh2yhIx/zRAixR9AlRarlTfdurCgpfiWEYp0xC9LogQapZjSNFDJxanSjE5nVBm2iOX1M0vZqicDjueYlYYx06Hh4GBKo0VKnm25XM2MiVNZaF3arh3DekglR0nTmWEuoaOKi1nplrVpXyRv7SOKWDVStL7gktIekFz9THj1Gfmq6khAxSP+Y5CsN1HQPhnE5t+0SkvKpXzstX0Ywh2iW9utI3GJOzaqXnmnbpBtYwq95BWPBHpujVwQdUH6Nq4JRvAEcVDTH5gLTuYgNq/aERW9SxEgVRkVplE5/okaT+hHzd64R/w8T5rmzWsFGLYRlpoKiNApXLOULS687xuWTONaGe3JqIChJFob59ib5sSUydyCZV7mzFdxXz+qwRxVoTa/c8Ku67EtGS3+O2GgiI2zDDdUup6G3JeouuCMaioIPnSYpeUCTBZVcpSIx9r/FYNK41BX6Foj0WDKQjK6i9EaP0HIyKoiXHvBCPpRJFteFh3BbM8pTaJACX+K+oITICffxjmh3WQuKICpPa7BMpgo9nMSSVNDnQsWQrJKRUqqZVCti4nF1ajyoLKzVF8cuCYVWW7wktd/lZJ4GPJIqqRJEJC4bvFIX7EtwRJuJSUJBwhGRTznCoeJftoZYNtBYox3Mr0dZAdaXh5/CA6LimIW8rMtHB7vgp3SZSD5jMtXRvnNcQUJ2xFNxxHb0mRTfQKoqikpLn5jHi6feI5uGqBFf6idkYgkormDmXrIXh4rTytI0ASwOOBA6qr+gwC1det44tMVqq4e2HPKj6jdoB8Kp1ik1Y3R3CTGk1RZzToJI7bpcx+SoiodekyKrO0G2V3GfRzNUYtSu1rAizxeil6DnChAV1N+LQDMZCqajMkEQZMRZQ9o2xOjNcFNR+O+Y5RZeMLWPk1UYYfObmlXa3POTULBEUbX/s8Kma8BnrKjNOiHHJBiYEVzqfSmWKtuP791ImlFhYHXeBoQZq1fkUXNeq/D9LmMjCqLIoUWtP3bM96aXKQr3iyt8wQre656BQ0b02qx7DAbbHv0x1qsoULVY9pmkQCF+2arhUR52C6kykiCwiHMDbs2JMJCKhmI19SyBMmVL3R2GRDrp0fagPtqt643pZKUnd8ZyHC7+2dtXCkBTemKKBxQSl8iKMHlHbMA7CghUbomqUqoIidi473ykXAqvx4LSJnWqXHFKIQmqZMdoqaYN7OTJdMU1KqxFGIpIT8z76lfgwrpcGnHlEmn4HNY9pB1upIfnc9ZAS1tpRnVq1BIZSU3SwJU38jFqSFeErm5ZTU8S1BUNivKmS6ynNmTUwRZ4ruftVlm6AbVpSuDV8hyPfTdTuXz7qYXlOLSlseuVESt2YtkV6GpZEtC4Z5iTyuFQ1rfb8E1XtKLKnWFPs2KSH5DDRTiVOQUoiV/YUjeozEhTb+vUU7w972sKLPzFzihqzJlOcFpF0CkV1cvgj9CABd+536UuZYv+nUPQnhyTVp/TwFIp0YUN8rrDCCiussMIKK6ywYNDKwOJG7cEj09RpGS/cFF6qYpavLC2dcf9bIPHvYAIytPppY+TbmqO1iNFTujntnUGLhotvV3yUA9aTVtEgCWwlLhfWOmGBumFCt2Ag5oJRFESNt3e8+PaagJ57IC2LAe4FCcRBS9lSMg2souN1luZsmX58POwPz8qQ8e4WsE6GDlpep9MVU9o01047ClhiRhx6ELlxlImpsxmDVkfYfrGzc3Sys1O+L2HLhV5XizuFm50iwJHbVjGE7qDT0SDirTC71zrZPLBxeCh4slYerI8OHC8YoMKzYmiJjkeKoVkErDCmAYYeS4s/ykXYFgzqIbLz8s/dkz9fvgbgBynkWRl2ODLagidpyyE2RKzI3xqAwq4Py3SD7lN/dHGJZxDbRUwjZuWFkIhOr81bmQGWi2LIkpBG+hYAaZGo2wip/vrr6M8BZDhLBJEWTwTTsKUPIOlFeg9+N4C1AreVPnrLZokouvUbvK4BLpb/rtw1+LHo+QsZe3+FFVZYYYUVVljhkfD/eRa7LGDsFPsAAAAASUVORK5CYII=\" alt=\"\" /></p>\r\n<p class=\"Normal\">C&ugrave;ng với giảm gi&aacute; b&aacute;n, nh&agrave; chức tr&aacute;ch vẫn tiếp tục chi Quỹ b&igrave;nh ổn gi&aacute; với xăng E5 RON 92, mức 398 đồng một l&iacute;t, giảm 59 đồng so với kỳ điều h&agrave;nh c&aacute;ch đ&acirc;y 15 ng&agrave;y. C&aacute;c mặt h&agrave;ng dầu v&agrave; xăng RON 95 kh&ocirc;ng chi Quỹ b&igrave;nh ổn.&nbsp;</p>\r\n<p>Theo nh&agrave; điều h&agrave;nh, b&igrave;nh qu&acirc;n gi&aacute; th&agrave;nh phẩm xăng dầu thế giới 15 ng&agrave;y qua giảm 2-3%. Chẳng hạn, mỗi th&ugrave;ng dầu RON 92 (loại xăng d&ugrave;ng để pha chế xăng E5 RON 92) về mức 73,29 USD, giảm hơn 3%; xăng RON 95 giảm về 75,15 USD; dầu diesel 81,3 USD...</p>\r\n<p>Đ&acirc;y l&agrave; kỳ điều h&agrave;nh 11 từ đầu năm đến nay v&agrave; l&agrave; lần thứ hai li&ecirc;n tiếp gi&aacute; xăng, dầu được điều chỉnh giảm, hơn 1.000 đồng mỗi l&iacute;t tuỳ loại.</p>', 6, 'standard', '2019-05-31', '/img/posts/7/main.jpg', 5, 9, '2019-05-31', NULL);
INSERT INTO `post` VALUES (8, 'Giá vàng thế giới lên đỉnh 3 tháng vì chiến tranh thương mại', 'Nhà đầu tư lo ngại căng thẳng thương mại Mỹ - Trung và Mỹ đe dọa áp thuế Mexico sẽ kéo tụt tăng trưởng toàn cầu.', '2019-06-04', 6, 'accepted', '<p><strong>Nh&agrave; đầu tư lo ngại căng thẳng thương mại Mỹ - Trung v&agrave; Mỹ đe dọa &aacute;p thuế Mexico sẽ k&eacute;o tụt tăng trưởng to&agrave;n cầu.</strong></p>\r\n<p class=\"Normal\">Trong phi&ecirc;n Mỹ tối qua, gi&aacute; v&agrave;ng giao ngay tăng gần 20 USD, l&ecirc;n 1.324 USD một ounce. Gi&aacute; c&oacute; thời điểm l&ecirc;n s&aacute;t 1.326 USD &ndash; cao nhất kể từ cuối th&aacute;ng 2.</p>\r\n<p class=\"Normal\">\"Nh&agrave; đầu tư vẫn lo lắng vấn đề chiến tranh thương mại, cả thuế với Mexico v&agrave; với Trung Quốc. L&agrave;n s&oacute;ng mua v&agrave;ng tr&uacute; ẩn đang tăng vọt\", Bob Haberkorn &ndash; chiến lược gia thị trường cấp cao tại RJO Futures nhận x&eacute;t. V&agrave;ng l&agrave; c&ocirc;ng cụ đầu tư được ưa chuộng trong thời kỳ biến động kinh tế v&agrave; ch&iacute;nh trị.</p>\r\n<p class=\"Normal\">Mỹ v&agrave; Trung Quốc đang mắc kẹt trong cuộc chiến thương mại k&eacute;o d&agrave;i gần một năm qua. Mối quan hệ giữa hai nước c&agrave;ng trở n&ecirc;n xa c&aacute;ch khi đưa ra c&aacute;c th&ocirc;ng điệp đối lập tại Đối thoại Shangri-La ở Singapore cuối tuần trước.</p>\r\n<p class=\"Normal\">Trong khi đ&oacute;, Bộ trưởng Ngoại giao Mexico - Marcelo Ebrard cho biết việc Mỹ đe dọa &aacute;p thuế l&ecirc;n nước n&agrave;y sẽ g&acirc;y ra nhiều thiệt hại nghi&ecirc;m trọng, v&agrave; kh&ocirc;ng thể chặn được hoạt động nhập cư bất hợp ph&aacute;p v&agrave;o Mỹ qua bi&ecirc;n giới Mexico.</p>\r\n<p class=\"Normal\">Thị trường chứng kho&aacute;n to&agrave;n cầu đ&atilde; đi xuống v&igrave; lời đe dọa của &ocirc;ng Trump. Ngược lại, t&agrave;i sản tr&uacute; ẩn như v&agrave;ng v&agrave; franc Thụy Sĩ tăng gi&aacute; mạnh. Bart Melek &ndash; Gi&aacute;m đốc Chiến lược H&agrave;ng h&oacute;a tại TD Securities nhận định l&atilde;i suất tại Mỹ được dự b&aacute;o hạ, đồng đ&ocirc;la yếu đi v&agrave; biến động tr&ecirc;n thị trường chứng kho&aacute;n đang khiến d&ograve;ng vốn đổ v&agrave;o v&agrave;ng v&agrave; c&aacute;c kim loại qu&yacute; kh&aacute;c.</p>\r\n<p class=\"Normal\">Hoạt động sản xuất tr&ecirc;n khắp ch&acirc;u &Aacute; v&agrave; ch&acirc;u &Acirc;u th&aacute;ng trước co lại, v&igrave; mối lo kinh tế to&agrave;n cầu đi xuống. Tốc độ tăng trưởng sản xuất tại Mỹ th&aacute;ng 5 cũng thấp nhất trong hơn 2,5 năm.</p>', 6, 'premium', '2019-06-01', '/img/posts/8/main.jpg', 5, 9, '2019-06-01', NULL);
INSERT INTO `post` VALUES (9, 'VN-Index giảm hơn 13 điểm', 'Xu hướng điều chỉnh tiếp diễn trong tuần đầu của tháng 6 kéo VN-Index xuống dưới mốc 950 điểm.', '2019-06-03', 4, 'accepted', '<p>Xu hướng điều chỉnh tiếp diễn trong tuần đầu của th&aacute;ng 6 k&eacute;o VN-Index xuống dưới mốc 950 điểm.</p>\r\n<p class=\"Normal\">Chốt phi&ecirc;n giao dịch ng&agrave;y 3/6, VN-Index giảm 13,41 điểm (tương đương 1,4%) xuống 946,47 điểm. VN30-Index, chỉ số đại diện cho nh&oacute;m 30 cổ phiếu vốn h&oacute;a lớn, giảm hơn 12 điểm (1,39%) xuống 864 điểm.&nbsp;</p>\r\n<p class=\"Normal\">Tr&ecirc;n s&agrave;n H&agrave; Nội, sắc đỏ cũng l&agrave; m&agrave;u chủ đạo khi hai chỉ số ch&iacute;nh l&agrave; HNX-Index v&agrave; UPCOM-Index giảm lần lượt 1,03% v&agrave; 0,59%.</p>\r\n<p class=\"Normal\"><img src=\"https://i-kinhdoanh.vnecdn.net/2019/06/03/A-nh-chu-p-Ma-n-hi-nh-2019-06-5927-7578-1559550894.png\" alt=\"\" /></p>\r\n<p class=\"Normal\">Nối tiếp chuỗi phi&ecirc;n điều chỉnh từ cuối tuần trước, thị trường mở cửa tuần đầu ti&ecirc;n của th&aacute;ng 6 trong sắc đỏ. Giao dịch diễn ra cầm chừng trong cả phi&ecirc;n s&aacute;ng với bi&ecirc;n độ giảm được khống chế dưới 10 điểm, trạng th&aacute;i giằng co được đẩy l&ecirc;n cao.</p>\r\n<p class=\"Normal\">Tuy nhi&ecirc;n khi bước v&agrave;o phi&ecirc;n chiều, b&ecirc;n cầm cổ phiếu c&oacute; phần mất ki&ecirc;n nhẫn khi li&ecirc;n tiếp hạ gi&aacute; b&aacute;n.&nbsp;D&ograve;ng tiền bắt đ&aacute;y kh&ocirc;ng kịp hấp thụ lượng cung được đẩy l&ecirc;n cao khiến VN-Index c&oacute; l&uacute;c mất gần 20 điểm, l&ugrave;i về ngưỡng 940 điểm. Chỉ số đại diện Sở HoSE chỉ quay trở lại sau phi&ecirc;n khớp lệnh x&aacute;c định gi&aacute; đ&oacute;ng cửa (ATC), khi d&ograve;ng tiền bắt đ&aacute;y gia tăng tại v&ugrave;ng gi&aacute; thấp.</p>\r\n<p class=\"Normal\">Nh&oacute;m cổ phiếu dầu kh&iacute; tiếp tục dẫn dắt đ&agrave; giảm chung, trước t&igrave;nh h&igrave;nh ti&ecirc;u cực của gi&aacute; dầu thế giới. Gi&aacute; dầu WTI v&agrave; Brent li&ecirc;n tiếp mất c&aacute;c mốc hỗ trợ quan trọng khiến đ&aacute;nh gi&aacute; của thị trường với nh&oacute;m cổ phiếu \"họ P\" trở n&ecirc;n k&eacute;m t&iacute;ch cực.</p>\r\n<p class=\"Normal\">Cổ phiếu GAS đến cuối phi&ecirc;n h&ocirc;m nay giảm gần 3%, xuống 101.400 đồng, PVD v&agrave; PVS đều mất 3%, trong khi cổ phiếu PLX của Petrolimex cũng giảm gần 2%.</p>\r\n<p class=\"Normal\">Tr&ecirc;n s&agrave;n HoSE, số cổ phiếu giảm gấp ba lần số tăng, trong đ&oacute; ri&ecirc;ng nh&oacute;m VN30, chỉ c&oacute; 3 cổ phiếu giữ được sắc xanh nhưng ghi nhận tới 27 m&atilde; giảm. Một loạt cổ phiếu \"trụ\" trong nh&oacute;m Bluechip như VJC, PNJ, DHG đều giảm s&acirc;u.&nbsp;</p>\r\n<p class=\"Normal\">Thanh khoản s&agrave;n HoSE vượt mốc 4.500 tỷ đồng, nhưng c&oacute; tới gần 1.400 tỷ l&agrave; giao dịch thỏa thuận. D&ograve;ng tiền v&agrave;o thị trường vẫn ở trạng th&aacute;i cầm chừng, v&agrave; chỉ tham gia mạnh hơn trước giờ đ&oacute;ng cửa, khi nhiều cổ phiếu bị lực b&aacute;n &eacute;p l&ugrave;i s&acirc;u dưới tham chiếu.</p>\r\n<p class=\"Normal\">Trong bản tin cuối tuần, hầu hết c&ocirc;ng ty chứng kho&aacute;n chung nhận định, nh&agrave; đầu tư n&ecirc;n giao dịch thận trọng, đứng ngo&agrave;i thị trường v&agrave; hạ bớt danh mục trong những phi&ecirc;n phục hồi. Trạng th&aacute;i t&acirc;m l&yacute; chung k&eacute;m t&iacute;ch cực, khoảng trống th&ocirc;ng tin hỗ trợ, c&ugrave;ng những biến động bất thường từ thị trường quốc tế khiến khả năng phục hồi trong giai đoạn hiện tại trở n&ecirc;n mong manh.</p>\r\n<p class=\"Normal\">C&ocirc;ng ty chứng kho&aacute;n Bảo Việt (BVSC) trong b&aacute;o c&aacute;o cuối tuần cũng lưu &yacute; rằng, nếu chỉ số tiếp tục xuy&ecirc;n thủng v&ugrave;ng hỗ trợ tr&ecirc;n th&igrave; cần t&iacute;nh đến nguy cơ thị trường giảm mạnh về c&aacute;c v&ugrave;ng hỗ trợ s&acirc;u hơn như 935-945 điểm hay 910-920 điểm.</p>', 7, 'standard', '2019-06-01', '/img/posts/9/main.jpg', 4, 9, '2019-06-01', NULL);
INSERT INTO `post` VALUES (10, 'Tập đoàn Hàn Quốc đầu tư 1 tỷ USD mua cổ phiếu Vingroup', 'SK Group trở thành đối tác chiến lược của Vingroup sau thương vụ mua cổ phần.', '2019-05-15', 4, 'accepted', '<p><strong>SK Group trở th&agrave;nh đối t&aacute;c chiến lược của Vingroup sau thương vụ mua cổ phần.</strong></p>\r\n<p>Tập đo&agrave;n Vingroup (m&atilde; CK: VIC) v&agrave; SK Group của H&agrave;n Quốc vừa k&yacute; kết thỏa thuận hợp t&aacute;c chiến lược. Theo đ&oacute;, SK sẽ đầu tư khoảng 23.300 tỷ đồng (tương đương 1 tỷ USD) để mua cổ phiếu của Vingroup v&agrave; trở th&agrave;nh đối t&aacute;c chiến lược của tập đo&agrave;n.</p>\r\n<p><img src=\"https://i-kinhdoanh.vnecdn.net/2019/05/16/A2-9361-1557986611.jpg\" alt=\"\" /></p>\r\n<p class=\"Normal\">Theo thỏa thuận hợp t&aacute;c, SK Group đăng k&yacute; mua 154,3 triệu cổ phiếu ph&aacute;t h&agrave;nh ri&ecirc;ng lẻ từ Vingroup v&agrave; mua lại 51,4 triệu cổ phiếu VIC thuộc sở hữu của VinCommerce. Tổng sở hữu của SK Group sau thương vụ n&agrave;y l&agrave; 205,7 triệu cổ phiếu VIC, tương đương hơn 6% vốn điều lệ tập đo&agrave;n. Với gi&aacute; trung b&igrave;nh 113.000 đồng một cổ phần, tổng gi&aacute; trị giao dịch khoảng 23.300 tỷ đồng.</p>\r\n<p class=\"Normal\">Sau khi k&yacute; kết hợp t&aacute;c chiến lược, Vingroup v&agrave; SK sẽ ho&agrave;n tất c&aacute;c thủ tục ph&aacute;p l&yacute; theo quy định, bao gồm việc ph&aacute;t h&agrave;nh cổ phiếu, ni&ecirc;m yết cổ phiếu ph&aacute;t h&agrave;nh mới tr&ecirc;n S&agrave;n chứng kho&aacute;n TP HCM (HoSE).&nbsp;Credit Suisse l&agrave; đơn vị tư vấn cho Vingroup trong giao dịch n&agrave;y.</p>\r\n<p class=\"Normal\">Cuối th&aacute;ng 3,&nbsp;<em>Bloomberg</em>&nbsp;dẫn th&ocirc;ng tin từ tờ&nbsp;<em>Maeil Business</em>&nbsp;của H&agrave;n Quốc về thương vụ n&agrave;y khi cho biết SK Group, th&ocirc;ng qua c&ocirc;ng ty đầu tư SK South East Asia Investment, dự kiến đầu tư tỷ đ&ocirc; mua cổ phần Vingroup.</p>\r\n<p class=\"Normal\">Trước đ&oacute;, Vingroup cũng đ&atilde; c&ocirc;ng bố phương &aacute;n ph&aacute;t h&agrave;nh ri&ecirc;ng lẻ cổ phiếu, với mục ti&ecirc;u huy động tối thiểu 25.000 tỷ đồng (tương đương gần 1,1 tỷ USD). Tập đo&agrave;n muốn ch&agrave;o b&aacute;n ri&ecirc;ng lẻ 250 triệu cổ phần (tương đương 7,8% lượng cổ phiếu đang lưu h&agrave;nh) cho tối đa 5 nh&agrave; đầu tư l&agrave; tổ chức nước ngo&agrave;i, với mức gi&aacute; kh&ocirc;ng thấp hơn 100.000 đồng cho mỗi cổ phiếu.</p>\r\n<p class=\"Normal\">Số tiền thu được từ đợt ch&agrave;o b&aacute;n n&agrave;y sẽ được sử dụng 10.000 tỷ đồng để cơ cấu lại nợ vay, 6.000 tỷ đầu tư v&agrave;o c&ocirc;ng ty con (VinFast, VinTech, Vinsmart), 9.000 tỷ đồng d&ugrave;ng cho hoạt động kinh doanh, cấp vốn ngắn hạn cho tập đo&agrave;n v&agrave; c&aacute;c c&ocirc;ng ty con.</p>\r\n<p class=\"Normal\">SK hiện l&agrave; một trong những tập đo&agrave;n đa ng&agrave;nh lớn nhất H&agrave;n Quốc, với c&aacute;c lĩnh vực hoạt động như viễn th&ocirc;ng, c&ocirc;ng nghệ, điện tử, năng lượng, logistics v&agrave; dịch vụ. Năm 2018, SK Group đạt&nbsp;doanh thu 132 tỷ USD, với tổng t&agrave;i sản đến cuối năm đạt 184 tỷ USD.</p>', 7, 'premium', '2019-05-14', '/img/posts/10/main.jpg', 5, 9, '2019-06-01', NULL);
INSERT INTO `post` VALUES (11, 'Apple giới thiệu hệ điều hành mới cho máy tính Mac', 'macOS Catalina 10.15 mới được Apple gọi là phiên bản đầu tiên không hỗ trợ ứng dụng 32-bit mà chỉ có thể chạy ứng dụng 64-bit.', '2019-06-04', 5, 'accepted', '<p><strong>macOS Catalina 10.15 mới được Apple gọi l&agrave; phi&ecirc;n bản đầu ti&ecirc;n kh&ocirc;ng hỗ trợ ứng dụng 32-bit m&agrave; chỉ c&oacute; thể chạy ứng dụng 64-bit.</strong></p>\r\n<p>C&ugrave;ng với iOS 13, iPadOS, Apple cũng c&ocirc;ng bố hệ điều h&agrave;nh mới cho m&aacute;y t&iacute;nh với t&ecirc;n gọi macOS Catalina, lấy theo địa danh của một v&ugrave;ng đảo ở California (Mỹ). Tr&ecirc;n phi&ecirc;n bản n&agrave;y, c&aacute;c ứng dụng ri&ecirc;ng lẻ gồm Apple Music, Podcast v&agrave; Apple TV sẽ thay thế cho iTunes.</p>\r\n<p><img src=\"https://i-sohoa.vnecdn.net/2019/06/04/31304-52347-Apple-previews-mac-3229-9462-1559611507.jpg\" alt=\"\" /></p>\r\n<p class=\"Normal\">Người d&ugrave;ng c&oacute; thể điều khiển m&aacute;y t&iacute;nh chạy macOS Catalina 10.15 bằng giọng n&oacute;i, bao gồm mở ứng dụng, viết tin nhắn, thay đổi văn bản. T&iacute;nh năng Sidecar cho ph&eacute;p sử dụng iPad l&agrave;m m&agrave;n h&igrave;nh phụ cho m&aacute;y Mac, c&oacute; thể kết nối d&acirc;y hoặc kh&ocirc;ng d&acirc;y. Sidecar cũng hỗ trợ Apple Pencil, gi&uacute;p biến iPad th&agrave;nh bảng vẽ kỹ thuật số.</p>\r\n<p class=\"Normal\">Ứng dụng Find My l&agrave; sự kết hợp giữa Find my iPhone v&agrave; Find my Friends, hỗ trợ định vị thiết bị ngay cả khi ngoại tuyến. C&aacute;c điều chỉnh kh&aacute;c của macOS Catalina c&ograve;n c&oacute; ứng dụng Ảnh được bố cục lại, thay đổi thiết kế của Ghi ch&uacute;, Lời nhắc. Tr&igrave;nh duyệt Safari sẽ mặc định giới thiệu c&aacute;c website y&ecirc;u th&iacute;ch, thường truy cập.</p>\r\n<p class=\"Normal\">Apple đang nỗ lực gi&uacute;p c&aacute;c nh&agrave; ph&aacute;t triển tạo ra ứng dụng macOS dựa tr&ecirc;n iOS một c&aacute;ch dễ d&agrave;ng hơn. T&iacute;nh năng Project Catalyst (trước đ&acirc;y l&agrave; Marzipan) trong bộ lập tr&igrave;nh Xcode c&oacute; c&aacute;c t&ugrave;y chỉnh để c&aacute;c phần mềm cho iOS c&oacute; thể chạy tr&ecirc;n macOS m&agrave; kh&ocirc;ng mất nhiều c&ocirc;ng sức.</p>\r\n<p class=\"Normal\">macOS Catalina 10.15 c&oacute; thể c&agrave;i tr&ecirc;n tất cả c&aacute;c mẫu Mac mini, iMac, iMac Pro v&agrave; Mac Pro từ đời 2012 trở l&ecirc;n. Với m&aacute;y t&iacute;nh x&aacute;ch tay, Apple y&ecirc;u cầu MacBook Air hoặc Pro từ 2012 trở l&ecirc;n, MacBook 2015 v&agrave; mới hơn. C&aacute;c lập tr&igrave;nh vi&ecirc;n đ&atilde; c&oacute; thể tải về bản d&ugrave;ng thử macOS mới, trong khi bản beta cho người d&ugrave;ng phổ th&ocirc;ng sẽ được c&ocirc;ng bố v&agrave;o th&aacute;ng 7.</p>', 9, 'standard', '2019-06-01', '/img/posts/11/main.jpg', 4, 10, '2019-06-01', NULL);
INSERT INTO `post` VALUES (12, 'Điều gì xảy ra khi các công ty chống lệnh cấm của Mỹ với Huawei', 'Các công ty vẫn làm việc với Huawei sẽ bị chính phủ Mỹ phạt số tiền lớn, kèm án hình sự cho những người đứng đầu. ', '2019-06-15', 18, 'accepted', '<p><strong>C&aacute;c c&ocirc;ng ty vẫn l&agrave;m việc với Huawei sẽ bị ch&iacute;nh phủ Mỹ phạt số tiền lớn, k&egrave;m &aacute;n h&igrave;nh sự cho những người đứng đầu.</strong></p>\r\n<p class=\"Normal\">Hai tuần qua, Huawei đ&atilde; mất gần như tất cả đối t&aacute;c quan trọng sau khi bị Mỹ cho v&agrave;o danh s&aacute;ch đen thương mại, chỉ trừ Microsoft - c&ocirc;ng ty lớn duy nhất hiện&nbsp;<a href=\"https://vnexpress.net/so-hoa/microsoft-ngung-mot-so-hop-tac-voi-huawei-3928652.html\" rel=\"dofollow\">kh&ocirc;ng r&otilde; r&agrave;ng</a>&nbsp;trong c&aacute;c lệnh cấm với h&atilde;ng Trung Quốc n&agrave;y. Theo&nbsp;<em>Verge</em>, h&atilde;ng phần mềm Mỹ c&oacute; thể đang chơi \"tr&ograve; c&aacute; cược mạo hiểm\" nếu kh&ocirc;ng tu&acirc;n thủ nghi&ecirc;m ngặt lệnh cấm của ch&iacute;nh phủ như Google, ARM hay Corning.&nbsp;</p>\r\n<p class=\"Normal\">Microsoft l&agrave; một trong những đối t&aacute;c phần mềm lớn nhất của Huawei khi cấp ph&eacute;p v&agrave; bảo tr&igrave; hệ điều h&agrave;nh Windows tr&ecirc;n tất cả m&aacute;y t&iacute;nh x&aacute;ch tay của h&atilde;ng. Tuy nhi&ecirc;n, tập đo&agrave;n được s&aacute;ng lập bởi Bill Gates vẫn chưa đưa ra tuy&ecirc;n bố ch&iacute;nh thức n&agrave;o về lệnh cấm m&agrave; chỉ &acirc;m thầm r&uacute;t t&ecirc;n Huawei khỏi trang web hỗ trợ.&nbsp;</p>\r\n<p class=\"Normal\">Một b&ecirc;n l&agrave; đối t&aacute;c l&acirc;u năm, một b&ecirc;n l&agrave; ch&iacute;nh phủ Mỹ c&oacute; thể khiến Microsoft cảm thấy \"kh&oacute; xử\". Nhưng vấn đề nhạy cảm n&agrave;y của c&ocirc;ng ty cũng khiến c&aacute;c chuy&ecirc;n gia của&nbsp;<em>Verge&nbsp;</em>đặt ra c&acirc;u hỏi: Nếu Microsoft (hoặc bất kỳ c&ocirc;ng ty n&agrave;o kh&aacute;c) bất chấp lệnh cấm thương mại với Huawei, h&igrave;nh phạt n&agrave;o họ sẽ phải đối mặt?</p>\r\n<p class=\"Normal\"><img src=\"https://i-sohoa.vnecdn.net/2019/06/03/a2-2842-1559503661.jpg\" alt=\"\" /></p>\r\n<p class=\"Normal\">Giả định được hầu hết người trong ng&agrave;nh luật tại Mỹ nhắc đến l&agrave; Microsoft chỉ đang \"c&acirc;u giờ\" v&agrave; cuối c&ugrave;ng vẫn sẽ phải thực hiện điều tương tự Google đ&atilde; l&agrave;m. L&yacute; do đơn giản l&agrave; bởi c&ocirc;ng ty kh&ocirc;ng đủ khả năng để chống lại lệnh cấm từ ch&iacute;nh quyền của &ocirc;ng Trump.&nbsp;</p>\r\n<p class=\"Normal\">H&igrave;nh phạt cho c&aacute;c c&ocirc;ng ty bất chất lệnh cấm xuất khẩu của ch&iacute;nh phủ l&agrave; từ phạt tiền d&acirc;n sự đến việc bị từ chối xuất khẩu h&agrave;ng loạt th&agrave;nh phẩm kh&aacute;c. Nếu h&agrave;nh vi vi phạm đủ nghi&ecirc;m trọng, cơ quan Thực thi Xuất khẩu của Bộ C&ocirc;ng nghiệp v&agrave; An ninh Mỹ (BIS) sẽ &aacute;p lệnh phạt h&igrave;nh sự với c&aacute; nh&acirc;n hoặc người đứng đầu của b&ecirc;n li&ecirc;n quan. Đầu th&aacute;ng 5 vừa qua, một người đ&agrave;n &ocirc;ng ở New Jersey cũng bị kết &aacute;n t&ugrave; v&igrave; &acirc;m mưu xuất khẩu vũ kh&iacute; sang Ukraine.</p>\r\n<p class=\"Normal\">Với trường hợp của Microsoft, nếu vi phạm, chỉ t&iacute;nh ri&ecirc;ng c&aacute;c hợp đồng với ch&iacute;nh phủ Mỹ v&agrave; c&aacute;c đối t&aacute;c quốc tế kh&aacute;c bị ảnh hưởng, c&ocirc;ng ty sẽ mất rất nhiều tiền trước khi mối đe dọa về một &aacute;n h&igrave;nh sự dược n&ecirc;u ra.&nbsp;</p>\r\n<p class=\"Normal\">Kh&ocirc;ng chỉ c&aacute;c c&ocirc;ng ty Mỹ cần cẩn thận, bất kỳ c&ocirc;ng ty n&agrave;o sở hữu giấy ph&eacute;p c&ocirc;ng nghệ được cấp từ Mỹ đều phải tu&acirc;n theo lệnh cấm v&agrave; c&aacute;c hạn chế tương tự. V&iacute; dụ r&otilde; r&agrave;ng nhất ch&iacute;nh l&agrave; ARM - c&ocirc;ng ty c&oacute; trụ sở tại Anh, thuộc sở hữu của SoftBank (Nhật Bản). C&ocirc;ng ty n&agrave;y thậm ch&iacute; cũng kh&ocirc;ng tự sản xuất chip m&agrave; chỉ b&aacute;n c&aacute;c kiến tr&uacute;c vi xử l&yacute; nhưng vẫn nằm trong lệnh cấm bởi nhiều c&ocirc;ng nghệ được ch&iacute;nh phủ Mỹ cấp ph&eacute;p.&nbsp;</p>\r\n<p class=\"Normal\">Tổng thống Donald Trump từng &aacute;m chỉ rằng lệnh cấm với Huawei c&oacute; thể được gỡ bỏ khi đạt được thỏa thuận thương mại với Trung Quốc. Nhiều khả năng những diễn biến mang t&iacute;nh bước ngoặt sẽ diễn ra trước ng&agrave;y 25/6, thời điểm mức thuế mới được &aacute;p l&ecirc;n h&agrave;ng h&oacute;a của hai nước c&oacute; hiệu lực. Microsoft c&oacute; thể đang chờ đợi động th&aacute;i mới của chiến tranh thương mại Mỹ - Trung trước khi đưa ra quyết định ch&iacute;nh thức.&nbsp;</p>\r\n<p class=\"Normal\">&nbsp;</p>', 9, 'standard', '2019-06-01', '/img/posts/12/main.jpg', 5, 10, '2019-06-01', NULL);
INSERT INTO `post` VALUES (13, '8 smartphone tầm trung bán trong tháng 6', 'Các smartphone này chủ yếu nằm ở tầm giá trung và cận cao cấp, mang nhiều công nghệ nổi bật như camera pop up, màn hình không tai thỏ...', '2019-06-03', 4, 'accepted', '<p><strong>C&aacute;c smartphone n&agrave;y chủ yếu nằm ở tầm gi&aacute; trung v&agrave; cận cao cấp, mang nhiều c&ocirc;ng nghệ nổi bật như camera pop up, m&agrave;n h&igrave;nh kh&ocirc;ng tai thỏ...</strong></p>\r\n<p><strong><img src=\"https://i-sohoa.vnecdn.net/2019/06/03/20190528-MG-1051-1559022071-r-680x0-1559545648_r_680x0.jpg\" alt=\"\" /></strong></p>\r\n<p><strong>Oppo Reno</strong></p>\r\n<p>Reno l&agrave; d&ograve;ng smartphone mới của Oppo với hai phi&ecirc;n bản kh&aacute;c nhau. Phi&ecirc;n bản cao cấp hơn, Reno 10x Zoom Edition, thuộc nh&oacute;m smartphone Android mạnh nhất hiện nay với chip Snapdragon 855 giống Galaxy S10, S10+ hay Xiaomi Mi9. M&aacute;y sẽ c&oacute; tuỳ chọn RAM 6GB hoặc 8GB, bộ nhớ 128GB hoặc 256GB. Bản r&uacute;t gọn d&ugrave;ng chip Snapdragon 710 tầm trung v&agrave; giảm th&ocirc;ng số camera, kh&ocirc;ng c&ograve;n ống k&iacute;nh tiềm vọng zoom xa m&agrave; l&agrave; g&oacute;c rộng. Cả hai đều tr&ocirc;ng giống nhau, c&ugrave;ng c&oacute; camera selfie bật mở theo kiểu v&acirc;y c&aacute;. Thay v&igrave; trượt l&ecirc;n một cụm như F11 Pro hay trượt nguy&ecirc;n cả cạnh tr&ecirc;n như Find X, camera selfie của Reno bật ch&eacute;o để lộ ra ống k&iacute;nh khi cần d&ugrave;ng đến. Reno v&agrave; Reno 10x đều d&ugrave;ng m&agrave;n h&igrave;nh OLED, c&oacute; cảm biến v&acirc;n tay trong m&agrave;n h&igrave;nh v&agrave; k&iacute;ch thước lần lượt 6,4 v&agrave; 6,6 inch. Cả hai cũng được trang bị c&ocirc;ng nghệ sạc si&ecirc;u nhanh VOOC 3.0.</p>\r\n<p><img src=\"https://i-sohoa.vnecdn.net/2019/06/03/SS1-1554896571-r-680x0-1557910155-r-680x0-1559545688_r_680x0.jpg\" alt=\"\" width=\"1000\" height=\"651\" /></p>\r\n<p><strong>Samsung Galaxy A80</strong></p>\r\n<p>Smartphone d&ograve;ng A mới của Samsung c&oacute; m&agrave;n h&igrave;nh OLED 6,7 inch, kh&ocirc;ng tai thỏ c&ugrave;ng cảm biến v&acirc;n tay dưới m&agrave;n h&igrave;nh. Điểm đặc biệt l&agrave; sản phẩm chỉ c&oacute; một cụm 3 camera với thiết kế trượt v&agrave; xoay c&oacute; thể d&ugrave;ng cho cả camera trước v&agrave; sau.&nbsp; Ba camera n&agrave;y gồm một m&aacute;y ảnh 48 megapixel f/2.0, một ống g&oacute;c rộng 8 \"chấm\" f/2.2 v&agrave; một m&aacute;y ảnh hỗ trợ 3D Depth. Về cấu h&igrave;nh, m&aacute;y được trang bị chip Snapdragon 7150, RAM 8 GB v&agrave; bộ nhớ trong 128 GB, chạy Android 9.0. Thiết bị sử dụng pin 3.700 mAh, hỗ trợ c&ocirc;ng nghệ sạc si&ecirc;u nhanh c&ocirc;ng suất 25W, t&iacute;ch hợp cảm biến v&acirc;n tay dưới m&agrave;n h&igrave;nh.</p>\r\n<p><img src=\"https://i-sohoa.vnecdn.net/2019/06/03/Screenshot-2019-05-15-at-3-1557910217-r-680x0-1559545725_r_680x0.png\" alt=\"\" /></p>\r\n<p><strong>Realme 3 Pro</strong></p>\r\n<p>Realme 3 Pro vẫn giữ thiết kế giống đ&agrave;n em Realme 3 khi c&oacute; m&agrave;n h&igrave;nh dạng giọt nước 6,3 inch độ ph&acirc;n giải FullHD+. Mặt lưng được l&agrave;m bằng nhựa với hiệu ứng đổi m&agrave;u theo xu hướng chung hiện nay. Về cấu h&igrave;nh, Realme 3 Pro được trang bị chip xử l&yacute; Snapdragon 710, RAM 4GB/6GB v&agrave; bộ nhớ trong 64GB/128GB. M&aacute;y được trang bị camera k&eacute;p với camera ch&iacute;nh 16 megapixel v&agrave; camera phụ 5 megapixel đo độ s&acirc;u trường ảnh. Camera selfie c&oacute; độ ph&acirc;n giải 25 megapixel. Cả camera trước v&agrave; sau đều hỗ trợ c&ocirc;ng nghệ AI. Pin dung lượng 4.050 mAh v&agrave; c&oacute; hỗ trợ sạc nhanh VOOC 3.0, tuy nhi&ecirc;n, vẫn d&ugrave;ng cổng microUSB.</p>\r\n<p><img src=\"https://i-sohoa.vnecdn.net/2019/06/03/Honor-20-and-Honor-20-Pro-1557910154-r-680x0-1559545759_r_680x0.jpg\" alt=\"\" /></p>\r\n<p><strong>Honor 20 v&agrave; 20 Pro</strong></p>\r\n<p>Hai mẫu smartphone mới của Honor sẽ c&oacute; tới 4 camera ở mặt sau nhưng kh&ocirc;ng hỗ trợ c&ocirc;ng nghệ tiềm vọng như Huawei P30 Pro. Camera ch&iacute;nh sẽ c&oacute; độ ph&acirc;n giải 48 megapixel c&ograve;n camera g&oacute;c si&ecirc;u rộng l&agrave; 16 megapixel c&ugrave;ng một camera chụp macro 2 megapixel. Tr&ecirc;n Honor 20 sẽ c&oacute; camera đo độ s&acirc;u trường ảnh 2 megapixel c&ograve;n Honor 20 Pro sẽ l&agrave; camera tele độ ph&acirc;n giải 8 megapixel. Camera của Honor 20 Pro c&ograve;n hỗ trợ cả OIS 4 trục cho 3 camera ch&iacute;nh, cả hai c&ugrave;ng t&iacute;ch hợp c&ocirc;ng nghệ AI hỗ trợ nhận diện khung cảnh. Honor 20 c&oacute; m&agrave;n h&igrave;nh OLED 6,1 inch c&ograve;n 20 Pro c&oacute; m&agrave;n h&igrave;nh OLED 6,5 inch. Cả hai đều được trang bị chip Kirin 980 v&agrave; chạy hệ điều h&agrave;nh Android 9 c&ugrave;ng cảm biến v&acirc;n tay dưới m&agrave;n h&igrave;nh.</p>\r\n<p><img src=\"https://i-sohoa.vnecdn.net/2019/06/03/Huawei-Y9-Prime-2019-1557910155-r-680x0-1559545761_r_680x0.png\" alt=\"\" /></p>\r\n<p><strong>Huawei Y9 Prime 2019</strong></p>\r\n<p>Đ&acirc;y l&agrave; smartphone với camera selfie dạng thụt th&ograve; đầu ti&ecirc;n của Huawei với độ ph&acirc;n giải 16 megapixel. M&aacute;y c&oacute; m&agrave;n h&igrave;nh tr&agrave;n viền kh&ocirc;ng tai thỏ k&iacute;ch thước 6,59 inch độ ph&acirc;n giải FullHD+. Huawei vẫn trang bị chip xử l&yacute; tầm trung Kirin 710 cho smartphone của m&igrave;nh, c&ugrave;ng mức RAM 4 GB v&agrave; bộ nhớ trong 128 GB. Mặt sau m&aacute;y l&agrave; cụm 3 camera với camera ch&iacute;nh 16 megapixel, camera g&oacute;c si&ecirc;u rộng 8 megapixel v&agrave; một camera đo độ s&acirc;u trường ảnh 2 megapixel. Pin của m&aacute;y c&oacute; dung lượng 4.000 mAh v&agrave; c&oacute; hỗ trợ cổng USB C.</p>\r\n<p><img src=\"https://i-sohoa.vnecdn.net/2019/06/03/20190517-MG-0881-1558082099-r-680x0-1558242968-r-680x0-1559545807_r_680x0.jpg\" alt=\"\" /></p>\r\n<p><strong>Realme C2</strong></p>\r\n<p>Sản phẩm c&oacute; m&agrave;n h&igrave;nh 6,1 inch, độ ph&acirc;n giải HD+ c&ugrave;ng thiết kế giọt nước quen thuộc. M&aacute;y được trang bị chip xử l&yacute; MediaTek Helio P22, RAM 2GB v&agrave; bộ nhớ trong 16GB. M&aacute;y sẽ c&oacute; một phi&ecirc;n bản RAM 3GB v&agrave; bộ nhớ trong 32GB được b&aacute;n ra sau đ&oacute;. M&aacute;y c&oacute; camera sau dạng k&eacute;p với camera ch&iacute;nh 13 megapixel v&agrave; camera phụ 2 megapixel. Camera trước 5 megapixel hỗ trợ nhận diện gương mặt v&agrave; l&agrave;m đẹp bằng AI. Realme C2 chạy Android 9 với giao diện Color OS 6 v&agrave; c&oacute; pin dung lượng 4.000 mAh.</p>\r\n<p><img src=\"https://i-sohoa.vnecdn.net/2019/06/03/KH-S10plusPark-5-1559546447_r_680x0.jpg\" alt=\"\" /></p>\r\n<p><strong>Samsung Galaxy S10+ phi&ecirc;n bản Park Hang Seo</strong></p>\r\n<p>Đ&acirc;y l&agrave; phi&ecirc;n bản đặc biệt của S10+ với mặt lưng m&agrave;u sắc mới c&ugrave;ng ốp lưng mang ảnh v&agrave; chữ k&yacute; của &ocirc;ng Park Hang Seo, huấn luyện vi&ecirc;n trưởng đội tuyển b&oacute;ng đ&aacute; Việt Nam. Phi&ecirc;n bản đặc biệt n&agrave;y c&oacute; phần cứng giống c&aacute;c phi&ecirc;n bản thường bởi c&ugrave;ng d&ugrave;ng m&agrave;n h&igrave;nh SuperAMOLED 6,4 inch c&ugrave;ng cảm biến v&acirc;n tay si&ecirc;u &acirc;m dưới m&agrave;n h&igrave;nh. M&aacute;y c&oacute; ba camera sau. Camera ch&iacute;nh c&oacute; độ ph&acirc;n giải 12 megapixel, f/1.5 hoặc f/2.4, g&oacute;c rộng 77 độ, camera thứ hai cho chụp ch&acirc;n dung telephoto với cảm biến 12 megapixel, f/2.4, g&oacute;c rộng 45 độ. Camera cuối c&ugrave;ng l&agrave; điểm mới của d&ograve;ng Galaxy S10 với ống k&iacute;nh g&oacute;c si&ecirc;u rộng 123 độ, cảm biến 16 megapixel. M&aacute;y hỗ trợ chống rung quang học OIS, ba ống k&iacute;nh tương đương mức zoom 0,5x v&agrave; 2x c&ugrave;ng zoom số tối đa 10x. Smartphone của Samsung c&oacute; pin 4.100 mAh. Ngo&agrave;i khả năng sạc nhanh cả kh&ocirc;ng d&acirc;y v&agrave; c&oacute; d&acirc;y, m&aacute;y c&ograve;n c&oacute; t&iacute;nh năng PowerShare cho ph&eacute;p sạc ngược kh&ocirc;ng d&acirc;y cho c&aacute;c thiết bị kh&aacute;c.</p>', 10, 'standard', '2019-06-01', '/img/posts/13/main.jpg', 5, 10, '2019-06-01', NULL);
INSERT INTO `post` VALUES (14, 'Samsung Galaxy A80 với camera trượt xoay giá 14,9 triệu đồng', 'Đây là smartphone đầu tiên trên thế giới dùng cụm ba camera có thể lật ngược ra phía trước.', '2019-06-09', 25, 'accepted', '<p><strong>Đ&acirc;y l&agrave; smartphone đầu ti&ecirc;n tr&ecirc;n thế giới d&ugrave;ng cụm ba camera c&oacute; thể lật ngược ra ph&iacute;a trước.</strong></p>\r\n<p><strong><img src=\"https://i-sohoa.vnecdn.net/2019/06/03/a1-4462-1559536872.jpg\" alt=\"\" /></strong></p>\r\n<p class=\"Normal\">Gần hai th&aacute;ng sau khi ra mắt to&agrave;n cầu tại Th&aacute;i Lan, Samsung h&ocirc;m nay ch&iacute;nh thức giới thiệu Galaxy A80 thị trường Việt Nam. Gi&aacute; b&aacute;n của m&aacute;y l&agrave; 14,99 triệu đồng, mức kh&aacute; tốt khi so với gi&aacute; khởi điểm tại thị trường quốc tế l&agrave; 732 USD (tương đương hơn 17 triệu đồng).&nbsp;</p>\r\n<p class=\"Normal\">Gi&aacute; b&aacute;n Galaxy A80 thấp hơn một triệu đồng so với Galaxy S10e - phi&ecirc;n bản rẻ nhất trong d&ograve;ng Galaxy S10. Ở tầm gi&aacute; n&agrave;y, m&aacute;y cũng kh&ocirc;ng c&oacute; nhiều đối thủ khi&nbsp;<a href=\"https://vnexpress.net/so-hoa/xiaomi-mi-9-smartphone-khong-doi-thu-o-tam-gia-12-trieu-dong-3923130.html\" rel=\"dofollow\">Mi 9</a>&nbsp;- smartphone cao cấp nhất của Xiaomi hiện cũng chỉ c&oacute; mức 12 triệu đồng.&nbsp;<a href=\"https://vnexpress.net/so-hoa/oppo-reno-ve-viet-nam-dau-thang-6-3930208.html\" rel=\"dofollow\">Oppo Reno</a>&nbsp;ra mắt v&agrave;o th&aacute;ng 6 tới cũng c&oacute; gi&aacute; dưới 13 triệu đồng.&nbsp;</p>\r\n<p class=\"Normal\">Smartphone mới của Samsung c&oacute;&nbsp;m&agrave;n h&igrave;nh v&ocirc; cực Super AMOLED 6,7 inch độ ph&acirc;n giải Full HD. Thiết kế tr&agrave;n viền ho&agrave;n to&agrave;n nhờ kh&ocirc;ng c&oacute; camera selfie n&agrave;o ph&iacute;a trước. M&aacute;y cũng sử dụng cảm biến v&acirc;n tay đặt dưới m&agrave;n h&igrave;nh giống như Galaxy S10 hay S10+.</p>\r\n<p class=\"Normal\"><iframe src=\"//www.youtube.com/embed/B8dNI2cCYxY\" allowfullscreen=\"allowfullscreen\"></iframe></p>\r\n<p class=\"Normal\">&nbsp;</p>\r\n<p class=\"Normal\">Điểm đặc biệt l&agrave; sản phẩm chỉ c&oacute; một cụm 3 camera với thiết kế trượt v&agrave; xoay c&oacute; thể d&ugrave;ng cho cả camera trước v&agrave; sau. Ba camera n&agrave;y gồm một m&aacute;y ảnh 48 megapixel f/2.0, một ống g&oacute;c rộng 8 \"chấm\" f/2.2 v&agrave; một m&aacute;y ảnh hỗ trợ 3D Depth. Về cấu h&igrave;nh, m&aacute;y được trang bị chip Snapdragon 7150, RAM 8 GB v&agrave; bộ nhớ trong 128 GB, chạy Android 9.0. Thiết bị sử dụng pin 3.700 mAh, hỗ trợ c&ocirc;ng nghệ sạc si&ecirc;u nhanh c&ocirc;ng suất 25W, t&iacute;ch hợp cảm biến v&acirc;n tay dưới m&agrave;n h&igrave;nh.</p>\r\n<p class=\"Normal\">&nbsp;</p>\r\n<p class=\"Normal\">&nbsp;</p>', 10, 'standard', '2019-06-01', '/img/posts/14/main.jpg', 5, 10, '2019-06-01', NULL);
INSERT INTO `post` VALUES (15, 'Tiền đạo Thái Lan chưa quên tấm thẻ đỏ ở trận đấu Việt Nam', 'Supachai Jaided đã rút ra được nhiều kinh nghiệm,trước khi tái ngộ Việt Nam ở giải King\'s Cup 2019.', '2019-06-04', 9, 'accepted', '<p><strong>Supachai Jaided đ&atilde; r&uacute;t ra được nhiều kinh nghiệm,trước khi t&aacute;i ngộ Việt Nam ở giải King\'s Cup 2019.</strong></p>\r\n<p><strong><img src=\"https://i-thethao.vnecdn.net/2019/06/04/61775788-389522895105815-81075-1231-5107-1559618543.png\" alt=\"\" /></strong></p>\r\n<p class=\"Normal\">\"T&ocirc;i vẫn chưa qu&ecirc;n chiếc thẻ đỏ khi phạm lỗi với Trần Đ&igrave;nh Trọng ở v&ograve;ng loại U23 ch&acirc;u &Aacute;. Sai lầm đ&oacute; đ&atilde; g&oacute;p phần khiến Th&aacute;i Lan thua đậm Việt Nam\", Supachai Jaided chia sẻ trước buổi tập s&aacute;ng nay 4/6. \"T&ocirc;i đ&atilde; r&uacute;t ra nhiều b&agrave;i học sau những g&igrave; mắc phải v&agrave; mong rằng sẽ kh&ocirc;ng lặp lại điều đ&oacute; ở trận đấu với Việt Nam ng&agrave;y mai\".</p>\r\n<p class=\"Normal\">Tiền đạo t&agrave;i năng của Th&aacute;i Lan bị truất quyền thi đấu khi thua Việt Nam 0-4 tại v&ograve;ng loại U23 ch&acirc;u &Aacute; hồi th&aacute;ng 3/2019 sau khi đấm v&agrave;o mặt Đ&igrave;nh Trọng. Ở lần gặp lại n&agrave;y, Supachai kh&ocirc;ng phải gặp lại Đ&igrave;nh Trọng nhưng sẽ đối địch với Lương Xu&acirc;n Trường - đồng đội ở CLB Buriram United. \"T&ocirc;i may mắn v&igrave; được chơi tr&ecirc;n s&acirc;n Chang Arena, s&acirc;n nh&agrave; của CLB Buriram. Sẽ rất tuyệt vời để đối đầu Việt Nam tại đ&acirc;y v&agrave; hy vọng Th&aacute;i Lan sẽ c&oacute; một trận đấu hay để gi&agrave;nh chiến thắng\", anh n&oacute;i.&nbsp;</p>\r\n<p class=\"Normal\"><img src=\"https://i-thethao.vnecdn.net/2019/06/04/61756561-2473130612751630-3410-1789-4780-1559618543.png\" alt=\"\" /></p>\r\n<p class=\"Normal\">Thủ m&ocirc;n Sivaruck Tedsungnoen cũng đ&aacute;nh gi&aacute; cao sức mạnh của Việt Nam. \"B&oacute;ng đ&aacute; Việt Nam đ&atilde; ph&aacute;t triển nhanh v&agrave; gi&agrave;nh nhiều th&agrave;nh quả trong hai năm vừa qua. Họ l&agrave; một tập thể mạnh, trẻ v&agrave; nhiều cầu thủ giỏi. Trận đấu với Việt Nam rất quan trọng v&agrave; c&oacute; &yacute; nghĩa lớn với ch&uacute;ng t&ocirc;i. Trong b&oacute;ng đ&aacute; kh&ocirc;ng thể n&oacute;i trước điều g&igrave;, mọi điều đều c&oacute; thể xảy ra. C&aacute;c bạn h&atilde;y chờ đợi sau 90 ph&uacute;t\".</p>\r\n<p class=\"Normal\">Sivaruck Tedsungnoen l&agrave; thủ m&ocirc;n số hai của Th&aacute;i Lan sau người g&aacute;c đền kỳ cựu Kawin Thamsatchanan. Sivaruck tin rằng kinh nghiệm của đ&agrave;n anh sẽ gi&uacute;p Th&aacute;i Lan rất nhiều khi đấu Việt Nam: \"Anh ấy đang chơi b&oacute;ng tại Bỉ, gi&agrave;u kinh nghiệm trận mạc. Sự c&oacute; mặt của Kawin sẽ củng cố niềm tin v&agrave; sức mạnh cho tuyển Th&aacute;i Lan\".</p>\r\n<p class=\"Normal\">Trận Th&aacute;i Lan - Việt Nam diễn ra l&uacute;c 19h45 tối thứ Tư 5/6.</p>', 12, 'premium', '2019-06-01', '/img/posts/15/main.jpg', 4, 7, '2019-06-01', NULL);
INSERT INTO `post` VALUES (16, 'Ronaldo và Messi lọt vào đội bóng tiêu biểu Champions League', 'Hai siêu sao hàng đầu thế giới nằm trong danh sách 20 cầu thủ thi đấu nổi bật nhất mùa vừa qua do Liên đoàn bóng đá châu Âu (UEFA) bầu chọn.', '2019-06-03', 5, 'accepted', '<p><strong>Hai si&ecirc;u sao h&agrave;ng đầu thế giới nằm trong danh s&aacute;ch 20 cầu thủ thi đấu nổi bật nhất m&ugrave;a vừa qua do Li&ecirc;n đo&agrave;n b&oacute;ng đ&aacute; ch&acirc;u &Acirc;u (UEFA) bầu chọn.</strong></p>\r\n<p><img src=\"https://i-thethao.vnecdn.net/2019/06/03/skysports-liverpool-premier-le-1555-9784-1559543054.png\" alt=\"\" /></p>\r\n<p>T&acirc;n v&ocirc; địch Liverpool c&oacute; nhiều th&agrave;nh vi&ecirc;n nhất trong danh s&aacute;ch, với s&aacute;u người, bao gồm: thủ m&ocirc;n Alisson Becker, trung vệ Van Dijk, bộ đ&ocirc;i hậu vệ c&aacute;nh Alexander-Arnold - Adrew Robertson, tiền vệ Wijnaldum, v&agrave; tiền đạo Sadio Mane.</p>\r\n<p>&Aacute; qu&acirc;n Tottenham chỉ đ&oacute;ng g&oacute;p ba người l&agrave; trung vệ Jan Vertonghen, Moussa Sissoko v&agrave; Lucas Moura. Trong khi đ&oacute;, đội b&oacute;ng bị họ loại ở b&aacute;n kết l&agrave; Ajax c&oacute; đến năm gương mặt: De Ligt, Ziyech, De Jong, Neres v&agrave; Dusan Tadic.&nbsp;</p>\r\n<p><img src=\"https://i-thethao.vnecdn.net/2019/06/03/messi-ronaldo-cropped-1x89x3u8-6252-2859-1559543054.png\" alt=\"\" /></p>\r\n<p>Barca l&agrave; đội c&ograve;n lại ở b&aacute;n kết, g&oacute;p hai gương mặt gồm Lionel Messi v&agrave; thủ m&ocirc;n Ter Stegen. Đ&acirc;y cũng l&agrave; số cầu thủ được bầu chọn của Man City, gồm Kevin de Bruyne v&agrave; Raheem Sterling.</p>\r\n<p>Juventus g&oacute;p duy nhất Cristiano Ronaldo. Si&ecirc;u sao Bồ Đ&agrave;o Nha trở th&agrave;nh gương mặt th&acirc;n quen ở những cuộc bầu chọn của UEFA d&ugrave; đội b&oacute;ng anh kho&aacute;c &aacute;o dừng ch&acirc;n tại tứ kết.&nbsp;</p>\r\n<p>Cầu thủ c&ograve;n lại l&agrave; tiền vệ Tanguy Ndombele của Lyon.</p>\r\n<p>Đ&acirc;y l&agrave; 20 gương mặt trong đội b&oacute;ng ti&ecirc;u biểu Champions League được tổ theo d&otilde;i kỹ thuật UEFA bầu chọn. Đơn vị n&agrave;y gồm những nh&agrave; cầm qu&acirc;n nổi tiếng l&agrave; HLV tuyển Bỉ Roberto Martinez, HLV tuyển Anh Gareth Southgate v&agrave; cựu HLV Man Utd David Moyes.</p>\r\n<p><img src=\"https://i-thethao.vnecdn.net/2019/06/03/d8eezcrxkacu145-1559542672-7531-1559543055.png\" alt=\"\" /></p>\r\n<p>&nbsp;</p>\r\n<p>&nbsp;</p>', 12, 'standard', '2019-06-01', '/img/posts/16/main.jpg', 4, 7, '2019-06-01', NULL);
INSERT INTO `post` VALUES (17, 'Halep vào tứ kết Roland Garros bằng chiến thắng \'huỷ diệt\'', 'Hạt giống số ba thua duy nhất một game trong trận thắng 6-1, 6-0 trước Iga Swiatek để mùa thứ ba liên tiếp vào tứ kết ở Paris.', '2019-06-04', 3, 'accepted', '<p><strong>Hạt giống số ba thua duy nhất một game trong trận thắng 6-1, 6-0 trước Iga Swiatek để m&ugrave;a thứ ba li&ecirc;n tiếp v&agrave;o tứ kết ở Paris.</strong></p>\r\n<p class=\"Normal\">C&acirc;u chuyện cổ t&iacute;ch của tay vợt số 104 thế giới đ&atilde; kết th&uacute;c sau thất bại ch&oacute;ng v&aacute;nh tối 3/6. N&oacute; cũng khiến giấc mơ của Iga Swiatek - trở th&agrave;nh người Ba Lan đầu ti&ecirc;n lọt v&agrave;o tứ kết Roland Garros kể từ sau Agnieszka Radwanska c&aacute;ch đ&acirc;y 6 năm - tan theo m&acirc;y kh&oacute;i.</p>\r\n<p class=\"Normal\">Tr&ecirc;n s&acirc;n Court Philippe Chatrier, hạt giống số ba tỏ ra qu&aacute; mạnh trước đối thủ trẻ tuổi với khả năng ph&ograve;ng ngự chắc chắn v&agrave; kinh nghiệm trận mạc d&agrave;y dặn. Simona Halep thắng đến 73% điểm trả giao trong cả trận.</p>\r\n<p class=\"Normal\"><img src=\"https://i-thethao.vnecdn.net/2019/06/04/simona-halep-2019-roland-garro-3290-9364-1559607033.png\" alt=\"\" /></p>\r\n<p class=\"Normal\">Iga Swiatek mở m&agrave;n bằng một lỗi k&eacute;p, v&agrave; hai c&uacute; thuận tay đ&aacute;nh b&oacute;ng ra ngo&agrave;i khiến tay vợt 18 tuổi bị đoạt mất game giao đầu trận. Gi&agrave;nh lợi thế từ kh&aacute; sớm, Halep duy tr&igrave; thế dẫn trước để kh&eacute;p lại game thắng trắng thứ năm bằng một điểm winner thuận tay.</p>\r\n<p class=\"Normal\">L&uacute;c đang dẫn 5-0, tay vợt người Romania bất ngờ đối mặt với hai break-point li&ecirc;n tiếp nhưng chỉ cứu nguy được điểm đầu v&agrave; cuối c&ugrave;ng để cho Swiatek bẻ game. Đ&oacute; cũng l&agrave; game thua duy nhất của nh&agrave; ĐKVĐ Roland Garros trong cả trận d&agrave;i vỏn vẹn chỉ c&oacute; 45 ph&uacute;t.</p>\r\n<p class=\"Normal\">Set đầu ti&ecirc;n kh&eacute;p lại sau c&uacute; tr&aacute;i tay đ&aacute;nh b&oacute;ng r&uacute;c lưới của tay vợt Ba Lan. Set hai cũng diễn ra theo kịch bản gần tương tự. Halep chỉ thua duy nhất một điểm giao b&oacute;ng một, trước khi thắng trắng cả s&aacute;u game trong set để kết th&uacute;c trận đấu bằng một điểm winner thuận tay.</p>\r\n<p class=\"Normal\">Sau hai set đấu, cựu tay vợt số một thế giới chỉ mắc c&oacute; 5 lỗi tự đ&aacute;nh hỏng, bằng một phần tư số lỗi tương tự của đối thủ, trong khi số điểm winner của hai tay vợt kh&ocirc;ng ch&ecirc;nh nhau nhiều (Halep: 17, Swiatek: 13).</p>\r\n<p class=\"Normal\">Tại trận tứ kết sắp tới, Halep sẽ gặp người thắng trong cặp đấu giữa Aliona Bolsova đến từ T&acirc;y Ban Nha v&agrave; Amanda Anisimova người Mỹ mới 17 tuổi.</p>\r\n<p class=\"Normal\">Halep từng chơi ba trận chung kết ở Roland Garros v&agrave; đ&atilde; đoạt được chức v&ocirc; địch ở m&ugrave;a giải năm ngo&aacute;i để ghi dấu mốc danh hiệu Grand Slam đầu ti&ecirc;n trong sự nghiệp.</p>', 13, 'standard', '2019-06-01', '/img/posts/17/main.jpg', 4, 6, '2019-06-01', NULL);
INSERT INTO `post` VALUES (19, 'Warriors gỡ hòa tổng tỷ số tại chung kết NBA', 'Nhà ĐKVĐ thắng Toronto Raptors 109-104 ở game 2 chung kết giải bóng rổ nhà nghề Mỹ, qua đó gỡ hòa 1-1 tại serie đấu bảy thắng bốn.', '2019-06-03', 10, 'accepted', '<p><strong>Nh&agrave; ĐKVĐ thắng Toronto Raptors 109-104 ở game 2 chung kết giải b&oacute;ng rổ nh&agrave; nghề Mỹ, qua đ&oacute; gỡ h&ograve;a 1-1 tại serie đấu bảy thắng bốn.</strong></p>\r\n<p class=\"Normal\">Tiếp tục thiếu vắng ng&ocirc;i sao Kevin Durant v&agrave; gặp kh&oacute; khăn với chấn thương của nhiều cầu thủ kh&aacute;c, nhưng Golden State Warriors vẫn rời s&acirc;n Scotiabank Arena của Raptors với chiến thắng s&acirc;n kh&aacute;ch đầu tay.</p>\r\n<p class=\"Normal\">Nh&agrave; ĐKVĐ khởi đầu kh&ocirc;ng thực sự thuận lợi ở game 2. Sau hiệp đầu ở thế c&acirc;n bằng, đội kh&aacute;ch để Raptors tăng tốc trong hiệp hai. Fred VanVleet thi đấu ấn tượng ở cả hai đầu s&acirc;n, kh&ocirc;ng chỉ chặn đứng ng&ocirc;i sao Stephen Curry với ba lần cướp b&oacute;ng, m&agrave; c&ograve;n đ&oacute;ng g&oacute;p tới 17 điểm tr&ecirc;n mặt trận tấn c&ocirc;ng. Cuối hiệp hai, đội chủ nh&agrave; c&oacute; l&uacute;c dẫn tới 11 điểm.</p>\r\n<p class=\"Normal\"><img src=\"https://i-thethao.vnecdn.net/2019/06/03/warri-8824-1559573990.jpg\" alt=\"\" /></p>\r\n<p class=\"Normal\">Thế trận đảo chiều ở đầu hiệp ba khi Warriors ghi li&ecirc;n tiếp 18 điểm để vươn l&ecirc;n dẫn trước 72-59. Klay Thompson thi đấu nổi bật với 25 điểm, Stephen Curry ghi 23 điểm, c&ograve;n Draymond Green su&yacute;t đạt triple-double thứ tư li&ecirc;n tiếp với 17 điểm, 10 rebound v&agrave; ch&iacute;n kiến tạo. C&aacute;c cầu thủ dự bị như Quinn Cook, Andrew Bogut hay Jonas Jerebko cũng để lại dấu ấn trong những ph&uacute;t &iacute;t ỏi c&oacute; mặt tr&ecirc;n s&acirc;n.</p>\r\n<p class=\"Normal\">Kh&oacute; khăn đến với Warriors khi Klay Thompson phải vắng mặt t&aacute;m ph&uacute;t cuối trận v&igrave; chấn thương, trong khi trung phong dự bị Kevon Looney cũng rời s&acirc;n trước đ&oacute; với l&yacute; do tương tự. Nhưng đội kh&aacute;ch vẫn đứng vững nhờ khả năng ph&ograve;ng ngự hiệu quả.</p>\r\n<p class=\"Normal\">Kawhi Leonard b&ecirc;n ph&iacute;a Raptors ghi 34 điểm, nhưng kh&ocirc;ng t&igrave;m được nhiều khoảng trống để tấn c&ocirc;ng rổ, phải thường xuy&ecirc;n dạt ra ngo&agrave;i. C&aacute;c vệ tinh xung quanh Leonard cũng dứt điểm thiếu hiệu quả trong hai hiệp đấu cuối c&ugrave;ng.</p>\r\n<p class=\"Normal\">Raptors ki&ecirc;n tr&igrave; b&aacute;m đuổi v&agrave; r&uacute;t ngắn c&aacute;ch biệt c&ograve;n hai điểm khi bước v&agrave;o 30 gi&acirc;y cuối c&ugrave;ng. Nhưng l&atilde;o tướng 35 tuổi Andre Iguodala đ&atilde; l&ecirc;n tiếng đ&uacute;ng l&uacute;c với c&uacute; n&eacute;m ba điểm quyết định khi trận đấu c&ograve;n dưới 10 gi&acirc;y. Chung cuộc, Golden State Warriors gi&agrave;nh chiến thắng 109-104 tại game 2.</p>\r\n<p class=\"Normal\">Game 3 của serie chung kết NBA sẽ diễn ra l&uacute;c 8h ng&agrave;y 6/6 tới tr&ecirc;n s&acirc;n Oracle Arena của Warriors, v&agrave; được tường thuật trực tiếp tr&ecirc;n k&ecirc;nh Thể Thao Tin Tức HD của&nbsp;<em>VTVCab</em>.</p>', 14, 'standard', '2019-06-01', '/img/posts/19/main.jpg', 4, 6, '2019-06-01', NULL);
INSERT INTO `post` VALUES (18, 'Trận đấu hơn 5 tiếng ở Roland Garros 2019', 'Stan Wawrinka hạ Stefanos Tsitsipas 7(8)-6, 5-7, 6-4, 3-6, 8-6 ở vòng bốn hôm qua 2/6, trong trận đấu dài thứ tư lịch sử giải Grand Slam sân đất nện.', '2019-07-10', 8, 'accepted', '<p><strong>Stan Wawrinka hạ Stefanos Tsitsipas 7(8)-6, 5-7, 6-4, 3-6, 8-6 ở v&ograve;ng bốn h&ocirc;m qua 2/6, trong trận đấu d&agrave;i thứ tư lịch sử giải Grand Slam s&acirc;n đất nện.</strong></p>\r\n<p><iframe src=\"//www.youtube.com/embed/LkBexZfsmDs\" width=\"560\" height=\"314\" allowfullscreen=\"allowfullscreen\"></iframe></p>\r\n<p class=\"Normal\">\"Đ&atilde; l&acirc;u rồi t&ocirc;i mới kh&oacute;c sau một trận đấu\", hạt giống số s&aacute;u Stefanos Tsitsipas n&oacute;i sau trận đấu tr&ecirc;n s&acirc;n&nbsp;Suzanne-Lenglen. \"Trận đấu qu&aacute; cảm x&uacute;c khiến t&ocirc;i kh&ocirc;ng k&igrave;m được nước mắt. L&uacute;c n&agrave;y t&ocirc;i kiệt sức. T&ocirc;i chưa từng trải qua ho&agrave;n cảnh như hiện tại. Khi trận đấu kết th&uacute;c, t&ocirc;i qu&aacute; thất vọng. T&ocirc;i đang kh&ocirc;ng nghĩ được g&igrave; nữa. Đầu &oacute;c cứ trống rỗng. T&ocirc;i su&yacute;t so&aacute;t thắng, nhưng lại để đối thủ chiếm lợi thế ở những điểm quan trọng. T&ocirc;i c&oacute; qu&aacute; nhiều cơ hội thắng game trả giao m&agrave; kh&ocirc;ng tận dụng được. Đ&acirc;y l&agrave; cảm gi&aacute;c tồi tệ nhất. Kh&ocirc;ng ai muốn ở v&agrave;o ho&agrave;n cảnh của t&ocirc;i l&uacute;c n&agrave;y\".</p>\r\n<p class=\"Normal\">Lời chia sẻ của Tsitsipas khiến nhiều kh&aacute;n giả cảm động. Trước trận, tay vợt 20 tuổi chưa từng trải qua trận đấu n&agrave;o k&eacute;o d&agrave;i 4 tiếng trở l&ecirc;n. Nhưng anh phải thi đấu 5 tiếng v&agrave; 9 ph&uacute;t trước l&atilde;o tướng Stan Wawrinka. Tsitsipas chỉ gi&agrave;nh năm trong 27 cơ hội thắng game trả giao (break point) ở trận n&agrave;y. Trong set quyết định, anh bỏ lỡ cả t&aacute;m break point.</p>\r\n<p class=\"Normal\"><img src=\"https://i-thethao.vnecdn.net/2019/06/03/tsitsipas-6839-1559538726.jpg\" alt=\"\" /></p>\r\n<p class=\"Normal\"><strong>Trận đấu c&oacute; mọi yếu tố để quảng b&aacute; cho sự hấp dẫn của quần vợt</strong>. Cả hai b&ecirc;n li&ecirc;n tục b&aacute;m đuổi v&agrave; vượt l&ecirc;n, tạo ra những đường b&oacute;ng đẹp mắt. C&agrave;ng th&uacute; vị hơn cho người h&acirc;m mộ khi cả hai đều đ&aacute;nh tr&aacute;i một tay - điều ng&agrave;y c&agrave;ng hiếm ở l&agrave;ng banh nỉ.</p>\r\n<p class=\"Normal\">Điểm th&uacute; vị nhất trận đấu diễn ra khi Tsitsipas đứng trước cơ hội thắng set hai, ở game 10. Wawrinka giao b&oacute;ng hiểm v&agrave; buộc đối thủ phải thủ thế. Tay vợt người Thụy Sĩ l&ecirc;n lưới l&agrave; li&ecirc;n tiếp đ&aacute;nh b&oacute;ng qua đầu (smash) về ph&iacute;a tr&aacute;i tay đối thủ, nhưng Tsitsipas đều cứu được b&oacute;ng trong s&acirc;n. Khi cả hai thấm mệt, Wawrinka chuyển sang cắt b&oacute;ng xo&aacute;y. B&oacute;ng sượt qua lưới v&agrave; rơi xuống phần s&acirc;n của Tsitsipas. Điểm cho Wawrinka sau 23 lần b&oacute;ng chạm vợt, với sự t&aacute;n thưởng từ kh&aacute;n giả Roland Garros.</p>\r\n<p class=\"Normal\">Trận đấu kh&eacute;p lại cũng với những pha vung vợt đẹp mắt kh&ocirc;ng k&eacute;m. Tsitsipas giao b&oacute;ng tốt v&agrave; chiếm thế chủ động. Anh &eacute;p tr&aacute;i đối thủ v&agrave; buộc Wawrinka phải cắt b&oacute;ng ph&ograve;ng ngự. Đường b&oacute;ng đi xo&aacute;y từ ngo&agrave;i v&agrave;o trong s&acirc;n, vượt tầm với của Tsitsipas. Trọng t&agrave;i d&acirc;y v&agrave; Tsitsipas đều cho rằng b&oacute;ng ngo&agrave;i s&acirc;n. Nhưng, trọng t&agrave;i ch&iacute;nh xuống s&acirc;n v&agrave; khẳng định b&oacute;ng liếm vạch một ch&uacute;t. Điểm cho Wawrinka v&agrave; một lần nữa kh&aacute;n giả đứng dậy để t&aacute;n thưởng cho cả hai tay vợt.</p>\r\n<p class=\"Normal\">Chiến thắng c&oacute; &yacute; nghĩa lớn lao cho Wawrinka, khi anh vật lộn t&igrave;m lại phong độ sau chấn thương. Một năm trước, anh rơi xuống vị tr&iacute; 283 ATP. Ở ba giải gần đ&acirc;y, anh đều bị loại ngay từ v&ograve;ng một.</p>\r\n<p class=\"Normal\"><img src=\"https://i-thethao.vnecdn.net/2019/06/03/wawrinka-1559538699-2802-1559538727.png\" alt=\"\" /></p>\r\n<p class=\"Normal\">\"Đ&acirc;y l&agrave; l&yacute; do t&ocirc;i trở lại thi đấu sau ca phẫu thuật đầu gối\", Wawrinka n&oacute;i. \"T&ocirc;i muốn được trải nghiệm cảm x&uacute;c như l&uacute;c n&agrave;y. Đ&oacute; l&agrave; khi thi đấu trước kh&aacute;n đ&agrave;i k&iacute;n người, trải qua năm set ở Grand Slam. Bạn sẽ kh&ocirc;ng bao giờ phải hy sinh nếu được l&agrave;m điều m&igrave;nh th&iacute;ch\".</p>\r\n<p class=\"Normal\">Khi hai tay vợt ch&agrave;o nhau sau trận, Wawrinka &ocirc;m Tsitsipas một l&uacute;c. Sau khi tay vợt 20 tuổi đẩy nhẹ người đ&agrave;n anh ra, Wawrinka vẫn &ocirc;m Tsitsipas th&ecirc;m lần nữa. \"Trận đấu với Tsitsipas thật m&atilde;n nh&atilde;n. Chỉ một centimet cũng c&oacute; thể ph&acirc;n định người thắng cuộc. Tsitsipas cũng xứng đ&aacute;ng thắng như t&ocirc;i\", Wawrinka chia sẻ.</p>\r\n<p class=\"Normal\">Tsitsipas cũng đăng l&ecirc;n&nbsp;<em>Instagram</em>&nbsp;để gi&atilde;i b&agrave;y cảm x&uacute;c sau trận đấu gi&agrave;u cảm x&uacute;c nhất với anh. \"Trận đấu n&agrave;y gi&uacute;p t&ocirc;i thấu hiểu v&igrave; sao chọn theo đuổi quần vợt. Ch&uacute;ng t&ocirc;i đều chơi cật lực, vượt cả giới hạn v&agrave; c&oacute; may mắn\", b&agrave;i đăng c&oacute; đoạn.</p>\r\n<p class=\"Normal\">Ở tứ kết, Wawrinka sẽ gặp người bạn th&acirc;n Roger Federer - m&agrave;n so t&agrave;i giữa hai tay vợt tr&aacute;i một tay.</p>', 13, 'standard', '2019-06-01', '/img/posts/18/main.jpg', 4, 6, '2019-06-01', NULL);
INSERT INTO `post` VALUES (20, 'Saigon Heat thắng đậm trong trận ra quân VBA 2019', 'Đại diện TP HCM hạ Thang Long Warriors 88-54 trên sân nhà CIS, trong ngày ra quân tại giải bóng rổ chuyên nghiệp Việt Nam 2019.', '2019-06-17', 34, 'accepted', '<p><strong>Đại diện TP HCM hạ Thang Long Warriors 88-54 tr&ecirc;n s&acirc;n nh&agrave; CIS, trong ng&agrave;y ra qu&acirc;n tại giải b&oacute;ng rổ chuy&ecirc;n nghiệp Việt Nam 2019.</strong></p>\r\n<p class=\"Normal\">Warriors khởi đầu thuận lợi trong chuyến l&agrave;m kh&aacute;ch tại TP HCM. Sau ba ph&uacute;t đầu, nh&agrave; v&ocirc; địch VBA 2017 nhanh ch&oacute;ng vươn l&ecirc;n dẫn trước 10-2 với đầu t&agrave;u ghi điểm l&agrave; Jaywuan Hill.</p>\r\n<p class=\"Normal\">Tuy nhi&ecirc;n, thế trận đảo chiều khi t&acirc;n binh Richard Nguyễn được Heat tung v&agrave;o s&acirc;n. Đội chủ nh&agrave;, kể từ đ&oacute;, ph&ograve;ng ngự k&iacute;n kẽ hơn, cướp b&oacute;ng tới 19 lần từ tay đối thủ. 12 trong số đ&oacute; thuộc về bộ đ&ocirc;i hậu vệ Richard Nguyễn - Trần Đăng Khoa. Khả năng ph&ograve;ng ngự chắc chắn được Heat chuyển h&oacute;a th&agrave;nh 31 điểm trong c&aacute;c t&igrave;nh huống phản c&ocirc;ng nhanh.</p>\r\n<p class=\"Normal\">Warriors trong ba hiệp đấu cuối kh&ocirc;ng để lại nhiều dấu ấn. Sự thiếu vắng của c&aacute;c trụ cột như Justin Young (treo gi&ograve;), Hồng Gia L&acirc;n (chấn thương) khiến đội b&oacute;ng thủ đ&ocirc; thua thiệt đối thủ ở khả năng điều b&oacute;ng. Do đ&oacute;, họ chỉ thực hiện th&agrave;nh c&ocirc;ng 31% số pha dứt điểm trong trận đấu, trong đ&oacute; những c&uacute; n&eacute;m ba điểm chỉ đạt tỉ lệ th&agrave;nh c&ocirc;ng 18%.</p>\r\n<p class=\"Normal\"><img src=\"https://i-thethao.vnecdn.net/2019/06/03/HEat-9587-1559539276.jpg\" alt=\"\" /></p>\r\n<p class=\"Normal\">Saigon Heat th&igrave; đạt tỉ lệ dứt điểm b&oacute;ng sống th&agrave;nh c&ocirc;ng l&ecirc;n đến 52%. C&aacute;c cầu thủ trẻ như Tim Waale, Huỳnh Vĩnh Quang hay Nguyễn Huỳnh Ph&uacute; Vinh, Nguyễn Trương Minh Nhựt đều để lại dấu ấn, khi thực hiện th&agrave;nh c&ocirc;ng &iacute;t nhất 75% số c&uacute; dứt điểm. D&agrave;n dự bị của Heat cũng ghi được 25 điểm trận n&agrave;y, so với t&aacute;m điểm của Warriors. Chung cuộc, đội chủ nh&agrave; gi&agrave;nh chiến thắng &aacute;p đảo 88-54.</p>\r\n<p class=\"Normal\">Saigon Heat m&ugrave;a n&agrave;y sở hữu một đội h&igrave;nh gồm nhiều cầu thủ trẻ nhưng kh&ocirc;ng thiếu kinh nghiệm, khi phần lớn đ&atilde; thi đấu hai m&ugrave;a giải VBA. Với lực lượng c&oacute; chiều s&acirc;u được dẫn dắt bởi HLV David Singleton &ndash; người c&oacute; tới bốn năm kinh nghiệm tại VBA, Heat được coi l&agrave; ứng vi&ecirc;n v&ocirc; địch h&agrave;ng đầu năm nay.</p>\r\n<p class=\"Normal\">Giải b&oacute;ng rổ chuy&ecirc;n nghiệp Việt Nam 2019 diễn ra từ ng&agrave;y 1/6 tới ng&agrave;y 21/9, với sự g&oacute;p mặt của s&aacute;u đội b&oacute;ng tại H&agrave; Nội, Đ&agrave; Nẵng, Hồ Ch&iacute; Minh v&agrave; Cần Thơ. Bốn đội c&oacute; th&agrave;nh t&iacute;ch tốt nhất m&ugrave;a giải ch&iacute;nh sẽ gi&agrave;nh v&eacute; v&agrave;o v&ograve;ng play-off tranh v&ocirc; địch.</p>', 14, 'premium', '2019-06-01', '/img/posts/20/main.jpg', 4, 6, '2019-06-01', NULL);
INSERT INTO `post` VALUES (21, 'Ôtô tải tông xe giường nằm ở Hòa Bình, 3 người chết', 'Chiếc xe khách giường nằm vỡ nát phần đầu sau vụ tai nạn ở huyện Mai Châu (Hoà Bình), gần 40 nạn nhân nhập viện.', '2019-06-21', 0, 'accepted', '<p>Chiếc xe kh&aacute;ch giường nằm vỡ n&aacute;t phần đầu sau vụ tai nạn ở huyện Mai Ch&acirc;u (Ho&agrave; B&igrave;nh), gần 40 nạn nh&acirc;n nhập viện.</p>\r\n<p><img src=\"https://i-vnexpress.vnecdn.net/2019/06/17/64608714-2299968083663449-3420-8287-4426-1560729514.jpg\" alt=\"\"/></p>\r\n<p class=\"Normal\">Khoảng 0h30 ng&agrave;y 17/6, xe tải chở sắt biển nước ngo&agrave;i đi tr&ecirc;n quốc lộ 6 hướng Sơn La - H&agrave; Nội, khi đến địa phận x&atilde; Đồng Bảng (Mai Ch&acirc;u, Ho&agrave; B&igrave;nh) đ&atilde; t&ocirc;ng v&agrave;o xe giường nằm 40 chỗ chạy chiều ngược lại.</p>\r\n<p class=\"Normal\">Vụ tai nạn khiến t&agrave;i xế xe kh&aacute;ch kẹt trong ca bin, tử vong tại chỗ. Người d&acirc;n địa phương ph&aacute; cửa k&iacute;nh để đưa nhiều h&agrave;nh kh&aacute;ch tr&ecirc;n xe ra ngo&agrave;i.</p>\r\n<p class=\"Normal\"><img src=\"https://i-vnexpress.vnecdn.net/2019/06/17/63909687-348170359214146-71648-5118-1892-1560728147.jpg\" alt=\"\"/></p>\r\n<p class=\"Normal\">Bệnh viện Đa khoa huyện Mai Ch&acirc;u tiếp nhận gần 40 nạn nh&acirc;n v&agrave;o cấp cứu, trong đ&oacute; hai người đ&atilde; tử vong tr&ecirc;n đường.</p>\r\n<p class=\"Normal\">\"Trong gần 40 nạn nh&acirc;n, ba người bị chấn thương sọ n&atilde;o v&agrave; g&atilde;y cột sống được ch&uacute;ng t&ocirc;i chuyển l&ecirc;n tuyến tr&ecirc;n\", &ocirc;ng Hồ Cao Thắng, Ph&oacute; gi&aacute;m đốc Bệnh viện Đa khoa huyện Mai Ch&acirc;u n&oacute;i.</p>\r\n<p class=\"Normal\">Đến 10h s&aacute;ng nay,&nbsp;đa số nạn nh&acirc;n đ&atilde; xuất viện, một số người bị g&atilde;y tay, ch&acirc;n đang được điều trị tại bệnh viện huyện Mai Ch&acirc;u. Ba người chuyển l&ecirc;n Bệnh viện&nbsp;Đa khoa tỉnh Ho&agrave; B&igrave;nh đ&atilde; qua cơn nguy kịch.</p>\r\n<p class=\"Normal\">&Ocirc;ng Vũ Ngọc Lăng, Vụ trưởng vụ An to&agrave;n giao th&ocirc;ng (Tổng Cục đường bộ) cho biết tốc độ cuối c&ugrave;ng của xe giường nằm trước khi xảy ra tai nạn l&agrave; 52km/h, trước đ&oacute; 10 gi&acirc;y v&agrave; 20 gi&acirc;y tốc độ lần lượt 51 km/h v&agrave; 56 km/h.</p>\r\n<p class=\"Normal\">\"Với xe tải biển số nước ngo&agrave;i, ch&uacute;ng t&ocirc;i đang phối hợp với cơ quan chức năng để x&aacute;c định th&ocirc;ng tin về đăng kiểm cũng như tốc độ l&uacute;c xảy ra tai nạn\", &ocirc;ng Lăng n&oacute;i.</p>\r\n<p class=\"Normal\">Tại hiện trường, xe kh&aacute;ch vỡ n&aacute;t phần đầu, xe tải lật nghi&ecirc;ng b&ecirc;n lề đường, c&aacute;c mảnh vỡ của hai xe vương v&atilde;i tr&ecirc;n mặt đường. Nh&agrave; chức tr&aacute;ch đang l&agrave;m r&otilde; nguy&ecirc;n nh&acirc;n tai nạn.</p>', 1, 'standard', '2019-06-17', 'https://i-vnexpress.vnecdn.net/2019/06/17/646087142299968083663449342050-6589-2156-1560729514_r_500x300.jpg', 5, 8, '2019-06-17', NULL);
INSERT INTO `post` VALUES (2015, 'Warriors gỡ hòa tổng tỷ số tại chung kết NBA', 'Nhà ĐKVĐ thắng Toronto Raptors 109-104 ở game 2 chung kết giải bóng rổ nhà nghề Mỹ, qua đó gỡ hòa 1-1 tại serie đấu bảy thắng bốn.', '2019-06-17', 5, 'accepted', '<p><strong>Nh&agrave; ĐKVĐ thắng Toronto Raptors 109-104 ở game 2 chung kết giải b&oacute;ng rổ nh&agrave; nghề Mỹ, qua đ&oacute; gỡ h&ograve;a 1-1 tại serie đấu bảy thắng bốn.</strong></p>\r\n<p class=\"Normal\">Tiếp tục thiếu vắng ng&ocirc;i sao Kevin Durant v&agrave; gặp kh&oacute; khăn với chấn thương của nhiều cầu thủ kh&aacute;c, nhưng Golden State Warriors vẫn rời s&acirc;n Scotiabank Arena của Raptors với chiến thắng s&acirc;n kh&aacute;ch đầu tay.</p>\r\n<p class=\"Normal\">Nh&agrave; ĐKVĐ khởi đầu kh&ocirc;ng thực sự thuận lợi ở game 2. Sau hiệp đầu ở thế c&acirc;n bằng, đội kh&aacute;ch để Raptors tăng tốc trong hiệp hai. Fred VanVleet thi đấu ấn tượng ở cả hai đầu s&acirc;n, kh&ocirc;ng chỉ chặn đứng ng&ocirc;i sao Stephen Curry với ba lần cướp b&oacute;ng, m&agrave; c&ograve;n đ&oacute;ng g&oacute;p tới 17 điểm tr&ecirc;n mặt trận tấn c&ocirc;ng. Cuối hiệp hai, đội chủ nh&agrave; c&oacute; l&uacute;c dẫn tới 11 điểm.</p>\r\n<p class=\"Normal\"><img src=\"https://i-thethao.vnecdn.net/2019/06/03/warri-8824-1559573990.jpg\" alt=\"\" /></p>\r\n<p class=\"Normal\">Thế trận đảo chiều ở đầu hiệp ba khi Warriors ghi li&ecirc;n tiếp 18 điểm để vươn l&ecirc;n dẫn trước 72-59. Klay Thompson thi đấu nổi bật với 25 điểm, Stephen Curry ghi 23 điểm, c&ograve;n Draymond Green su&yacute;t đạt triple-double thứ tư li&ecirc;n tiếp với 17 điểm, 10 rebound v&agrave; ch&iacute;n kiến tạo. C&aacute;c cầu thủ dự bị như Quinn Cook, Andrew Bogut hay Jonas Jerebko cũng để lại dấu ấn trong những ph&uacute;t &iacute;t ỏi c&oacute; mặt tr&ecirc;n s&acirc;n.</p>\r\n<p class=\"Normal\">Kh&oacute; khăn đến với Warriors khi Klay Thompson phải vắng mặt t&aacute;m ph&uacute;t cuối trận v&igrave; chấn thương, trong khi trung phong dự bị Kevon Looney cũng rời s&acirc;n trước đ&oacute; với l&yacute; do tương tự. Nhưng đội kh&aacute;ch vẫn đứng vững nhờ khả năng ph&ograve;ng ngự hiệu quả.</p>\r\n<p class=\"Normal\">Kawhi Leonard b&ecirc;n ph&iacute;a Raptors ghi 34 điểm, nhưng kh&ocirc;ng t&igrave;m được nhiều khoảng trống để tấn c&ocirc;ng rổ, phải thường xuy&ecirc;n dạt ra ngo&agrave;i. C&aacute;c vệ tinh xung quanh Leonard cũng dứt điểm thiếu hiệu quả trong hai hiệp đấu cuối c&ugrave;ng.</p>\r\n<p class=\"Normal\">Raptors ki&ecirc;n tr&igrave; b&aacute;m đuổi v&agrave; r&uacute;t ngắn c&aacute;ch biệt c&ograve;n hai điểm khi bước v&agrave;o 30 gi&acirc;y cuối c&ugrave;ng. Nhưng l&atilde;o tướng 35 tuổi Andre Iguodala đ&atilde; l&ecirc;n tiếng đ&uacute;ng l&uacute;c với c&uacute; n&eacute;m ba điểm quyết định khi trận đấu c&ograve;n dưới 10 gi&acirc;y. Chung cuộc, Golden State Warriors gi&agrave;nh chiến thắng 109-104 tại game 2.</p>\r\n<p class=\"Normal\">Game 3 của serie chung kết NBA sẽ diễn ra l&uacute;c 8h ng&agrave;y 6/6 tới tr&ecirc;n s&acirc;n Oracle Arena của Warriors, v&agrave; được tường thuật trực tiếp tr&ecirc;n k&ecirc;nh Thể Thao Tin Tức HD của&nbsp;<em>VTVCab</em>.</p>', 14, 'standard', '2019-06-01', '/img/posts/19/main.jpg', 4, 6, '2019-06-01', NULL);
INSERT INTO `post` VALUES (27, 'Messi diễn thuyết trong phòng thay đồ sau trận thua Colombia', 'Tiền vệ Rodrigo de Paul tiết lộ thủ quân Argentina đã cố gắng vực dậy tinh thần của đồng đội, sau thất bại ở trận ra quân Copa America 2019.', NULL, 0, 'pending', '<p>Tiền vệ Rodrigo de Paul tiết lộ thủ qu&acirc;n Argentina đ&atilde; cố gắng vực dậy tinh thần của đồng đội, sau thất bại ở trận ra qu&acirc;n Copa America 2019.</p>\r\n<p>\"Sau trận đấu, sự im lặng bao tr&ugrave;m ph&ograve;ng thay đồ. Ch&uacute;ng t&ocirc;i tức giận với b&agrave;n mở tỷ số của Colombia v&igrave; n&oacute; đ&aacute;nh trực diện v&agrave;o c&aacute;nh phải m&agrave; ch&uacute;ng t&ocirc;i cho l&agrave; điểm mạnh của m&igrave;nh. Nhưng Argentina c&oacute; những cầu thủ đ&agrave;n anh gi&agrave;u kinh nghiệm ở những giải đấu như thế n&agrave;y, v&agrave; điều đầu ti&ecirc;n họ l&agrave;m trong ph&ograve;ng thay đồ l&agrave; n&oacute;i chuyện với ch&uacute;ng t&ocirc;i. Họ n&oacute;i rằng cơ hội vẫn c&ograve;n ở ph&iacute;a trước\", Rodrigo de Paul n&oacute;i tr&ecirc;n k&ecirc;nh&nbsp;<em>Ole TV</em>.</p>\r\n<p><img src=\"https://i-thethao.vnecdn.net/2019/06/17/a-1560733100-2225-1560733195.png\" alt=\"\" width=\"557\" height=\"334\" />Tiền vệ 25 tuổi, hiện tại kho&aacute;c &aacute;o Udinese tại Serie A, kể rằng c&aacute;c l&atilde;o tướng của Argentina đ&atilde; nh&oacute;m họp lại để sốc dậy tinh thần cho c&aacute;c cầu thủ trẻ. Khi được hỏi Lionel Messi c&oacute; tham dự hay kh&ocirc;ng, de Paul trả lời: \"C&oacute;. Anh ấy đ&atilde; đưa ra những &yacute; kiến đầy kinh nghiệm v&agrave; điều đ&oacute; rất quan trọng. Anh ấy n&oacute;i ch&uacute;ng t&ocirc;i phải bước tiếp v&agrave; phải nghĩ về trận đấu với Paraguay. Messi nhấn mạnh rằng ch&uacute;ng t&ocirc;i đang ở chung một đội v&agrave; phải hướng đến kết quả c&ugrave;ng nhau. Anh k&ecirc;u gọi ch&uacute;ng t&ocirc;i l&agrave;m việc với tinh thần tr&aacute;ch nhiệm\".</p>\r\n<p>Sau trận thua Colombia, nhiều người nghi ngờ khả năng l&atilde;nh đạo của Messi với băng thủ qu&acirc;n tr&ecirc;n tay. Ng&ocirc;i sao đang kho&aacute;c &aacute;o Barca đứng trước nguy cơ một lần nữa trắng tay khi chơi cho đội tuyển quốc gia tại một giải đấu lớn.&nbsp;</p>\r\n<p>De Paul được tung v&agrave;o s&acirc;n thay Angel Di Maria trong hiệp hai trận gặp Colombia v&agrave; chơi tốt. Anh c&oacute; khả năng sẽ được trao suất đ&aacute; ch&iacute;nh ở trận tiếp theo, gặp Paraguay v&agrave;o ng&agrave;y 19/6.</p>', 12, 'standard', '2019-06-19', 'https://i-thethao.vnecdn.net/2019/06/17/a-1560733100-2225-1560733195_r_500x300.png', 5, 7, '2019-06-18', NULL);
INSERT INTO `post` VALUES (28, 'Messi diễn thuyết trong phòng thay đồ sau trận thua Colombia', 'Tiền vệ Rodrigo de Paul tiết lộ thủ quân Argentina đã cố gắng vực dậy tinh thần của đồng đội, sau thất bại ở trận ra quân Copa America 2019.', NULL, 0, 'rejected', '<p>Tiền vệ Rodrigo de Paul tiết lộ thủ qu&acirc;n Argentina đ&atilde; cố gắng vực dậy tinh thần của đồng đội, sau thất bại ở trận ra qu&acirc;n Copa America 2019.</p>\r\n<p>\"Sau trận đấu, sự im lặng bao tr&ugrave;m ph&ograve;ng thay đồ. Ch&uacute;ng t&ocirc;i tức giận với b&agrave;n mở tỷ số của Colombia v&igrave; n&oacute; đ&aacute;nh trực diện v&agrave;o c&aacute;nh phải m&agrave; ch&uacute;ng t&ocirc;i cho l&agrave; điểm mạnh của m&igrave;nh. Nhưng Argentina c&oacute; những cầu thủ đ&agrave;n anh gi&agrave;u kinh nghiệm ở những giải đấu như thế n&agrave;y, v&agrave; điều đầu ti&ecirc;n họ l&agrave;m trong ph&ograve;ng thay đồ l&agrave; n&oacute;i chuyện với ch&uacute;ng t&ocirc;i. Họ n&oacute;i rằng cơ hội vẫn c&ograve;n ở ph&iacute;a trước\", Rodrigo de Paul n&oacute;i tr&ecirc;n k&ecirc;nh&nbsp;<em>Ole TV</em>.</p>\r\n<p><img src=\"https://i-thethao.vnecdn.net/2019/06/17/a-1560733100-2225-1560733195.png\" alt=\"\" width=\"557\" height=\"334\" />Tiền vệ 25 tuổi, hiện tại kho&aacute;c &aacute;o Udinese tại Serie A, kể rằng c&aacute;c l&atilde;o tướng của Argentina đ&atilde; nh&oacute;m họp lại để sốc dậy tinh thần cho c&aacute;c cầu thủ trẻ. Khi được hỏi Lionel Messi c&oacute; tham dự hay kh&ocirc;ng, de Paul trả lời: \"C&oacute;. Anh ấy đ&atilde; đưa ra những &yacute; kiến đầy kinh nghiệm v&agrave; điều đ&oacute; rất quan trọng. Anh ấy n&oacute;i ch&uacute;ng t&ocirc;i phải bước tiếp v&agrave; phải nghĩ về trận đấu với Paraguay. Messi nhấn mạnh rằng ch&uacute;ng t&ocirc;i đang ở chung một đội v&agrave; phải hướng đến kết quả c&ugrave;ng nhau. Anh k&ecirc;u gọi ch&uacute;ng t&ocirc;i l&agrave;m việc với tinh thần tr&aacute;ch nhiệm\".</p>\r\n<p>Sau trận thua Colombia, nhiều người nghi ngờ khả năng l&atilde;nh đạo của Messi với băng thủ qu&acirc;n tr&ecirc;n tay. Ng&ocirc;i sao đang kho&aacute;c &aacute;o Barca đứng trước nguy cơ một lần nữa trắng tay khi chơi cho đội tuyển quốc gia tại một giải đấu lớn.&nbsp;</p>\r\n<p>De Paul được tung v&agrave;o s&acirc;n thay Angel Di Maria trong hiệp hai trận gặp Colombia v&agrave; chơi tốt. Anh c&oacute; khả năng sẽ được trao suất đ&aacute; ch&iacute;nh ở trận tiếp theo, gặp Paraguay v&agrave;o ng&agrave;y 19/6.</p>', 12, 'standard', '2019-06-17', 'https://i-thethao.vnecdn.net/2019/06/17/a-1560733100-2225-1560733195_r_500x300.png', 5, 7, '2019-06-18', 'bài viết bị trùng');
INSERT INTO `post` VALUES (29, 'Messi diễn thuyết trong phòng thay đồ sau trận thua Colombia', 'Tiền vệ Rodrigo de Paul tiết lộ thủ quân Argentina đã cố gắng vực dậy tinh thần của đồng đội, sau thất bại ở trận ra quân Copa America 2019.', '2019-06-21', 10, 'accepted', '<p>Tiền vệ Rodrigo de Paul tiết lộ thủ qu&acirc;n Argentina đ&atilde; cố gắng vực dậy tinh thần của đồng đội, sau thất bại ở trận ra qu&acirc;n Copa America 2019.</p>\r\n<p>\"Sau trận đấu, sự im lặng bao tr&ugrave;m ph&ograve;ng thay đồ. Ch&uacute;ng t&ocirc;i tức giận với b&agrave;n mở tỷ số của Colombia v&igrave; n&oacute; đ&aacute;nh trực diện v&agrave;o c&aacute;nh phải m&agrave; ch&uacute;ng t&ocirc;i cho l&agrave; điểm mạnh của m&igrave;nh. Nhưng Argentina c&oacute; những cầu thủ đ&agrave;n anh gi&agrave;u kinh nghiệm ở những giải đấu như thế n&agrave;y, v&agrave; điều đầu ti&ecirc;n họ l&agrave;m trong ph&ograve;ng thay đồ l&agrave; n&oacute;i chuyện với ch&uacute;ng t&ocirc;i. Họ n&oacute;i rằng cơ hội vẫn c&ograve;n ở ph&iacute;a trước\", Rodrigo de Paul n&oacute;i tr&ecirc;n k&ecirc;nh&nbsp;<em>Ole TV</em>.</p>\r\n<p><img src=\"https://i-thethao.vnecdn.net/2019/06/17/a-1560733100-2225-1560733195.png\" alt=\"\"/>Tiền vệ 25 tuổi, hiện tại kho&aacute;c &aacute;o Udinese tại Serie A, kể rằng c&aacute;c l&atilde;o tướng của Argentina đ&atilde; nh&oacute;m họp lại để sốc dậy tinh thần cho c&aacute;c cầu thủ trẻ. Khi được hỏi Lionel Messi c&oacute; tham dự hay kh&ocirc;ng, de Paul trả lời: \"C&oacute;. Anh ấy đ&atilde; đưa ra những &yacute; kiến đầy kinh nghiệm v&agrave; điều đ&oacute; rất quan trọng. Anh ấy n&oacute;i ch&uacute;ng t&ocirc;i phải bước tiếp v&agrave; phải nghĩ về trận đấu với Paraguay. Messi nhấn mạnh rằng ch&uacute;ng t&ocirc;i đang ở chung một đội v&agrave; phải hướng đến kết quả c&ugrave;ng nhau. Anh k&ecirc;u gọi ch&uacute;ng t&ocirc;i l&agrave;m việc với tinh thần tr&aacute;ch nhiệm\".</p>\r\n<p>Sau trận thua Colombia, nhiều người nghi ngờ khả năng l&atilde;nh đạo của Messi với băng thủ qu&acirc;n tr&ecirc;n tay. Ng&ocirc;i sao đang kho&aacute;c &aacute;o Barca đứng trước nguy cơ một lần nữa trắng tay khi chơi cho đội tuyển quốc gia tại một giải đấu lớn.&nbsp;</p>\r\n<p>De Paul được tung v&agrave;o s&acirc;n thay Angel Di Maria trong hiệp hai trận gặp Colombia v&agrave; chơi tốt. Anh c&oacute; khả năng sẽ được trao suất đ&aacute; ch&iacute;nh ở trận tiếp theo, gặp Paraguay v&agrave;o ng&agrave;y 19/6.</p>', 12, 'standard', '2019-06-17', 'https://i-thethao.vnecdn.net/2019/06/17/a-1560733100-2225-1560733195_r_500x300.png', 5, 7, '2019-06-18', NULL);
INSERT INTO `post` VALUES (30, 'good good good', 'Tiền vệ Rodrigo de Paul tiết lộ thủ quân Argentina đã cố gắng vực dậy tinh thần của đồng đội, sau thất bại ở trận ra quân Copa America 2019.', NULL, 0, 'rejected', '<p>Tiền vệ Rodrigo de Paul tiết lộ thủ qu&acirc;n Argentina đ&atilde; cố gắng vực dậy tinh thần của đồng đội, sau thất bại ở trận ra qu&acirc;n Copa America 2019.</p>\r\n<p>\"Sau trận đấu, sự im lặng bao tr&ugrave;m ph&ograve;ng thay đồ. Ch&uacute;ng t&ocirc;i tức giận với b&agrave;n mở tỷ số của Colombia v&igrave; n&oacute; đ&aacute;nh trực diện v&agrave;o c&aacute;nh phải m&agrave; ch&uacute;ng t&ocirc;i cho l&agrave; điểm mạnh của m&igrave;nh. Nhưng Argentina c&oacute; những cầu thủ đ&agrave;n anh gi&agrave;u kinh nghiệm ở những giải đấu như thế n&agrave;y, v&agrave; điều đầu ti&ecirc;n họ l&agrave;m trong ph&ograve;ng thay đồ l&agrave; n&oacute;i chuyện với ch&uacute;ng t&ocirc;i. Họ n&oacute;i rằng cơ hội vẫn c&ograve;n ở ph&iacute;a trước\", Rodrigo de Paul n&oacute;i tr&ecirc;n k&ecirc;nh&nbsp;<em>Ole TV</em>.</p>\r\n<p><img src=\"https://i-thethao.vnecdn.net/2019/06/17/a-1560733100-2225-1560733195.png\" alt=\"\" width=\"557\" height=\"334\" />Tiền vệ 25 tuổi, hiện tại kho&aacute;c &aacute;o Udinese tại Serie A, kể rằng c&aacute;c l&atilde;o tướng của Argentina đ&atilde; nh&oacute;m họp lại để sốc dậy tinh thần cho c&aacute;c cầu thủ trẻ. Khi được hỏi Lionel Messi c&oacute; tham dự hay kh&ocirc;ng, de Paul trả lời: \"C&oacute;. Anh ấy đ&atilde; đưa ra những &yacute; kiến đầy kinh nghiệm v&agrave; điều đ&oacute; rất quan trọng. Anh ấy n&oacute;i ch&uacute;ng t&ocirc;i phải bước tiếp v&agrave; phải nghĩ về trận đấu với Paraguay. Messi nhấn mạnh rằng ch&uacute;ng t&ocirc;i đang ở chung một đội v&agrave; phải hướng đến kết quả c&ugrave;ng nhau. Anh k&ecirc;u gọi ch&uacute;ng t&ocirc;i l&agrave;m việc với tinh thần tr&aacute;ch nhiệm\".</p>\r\n<p>Sau trận thua Colombia, nhiều người nghi ngờ khả năng l&atilde;nh đạo của Messi với băng thủ qu&acirc;n tr&ecirc;n tay. Ng&ocirc;i sao đang kho&aacute;c &aacute;o Barca đứng trước nguy cơ một lần nữa trắng tay khi chơi cho đội tuyển quốc gia tại một giải đấu lớn.&nbsp;</p>\r\n<p>De Paul được tung v&agrave;o s&acirc;n thay Angel Di Maria trong hiệp hai trận gặp Colombia v&agrave; chơi tốt. Anh c&oacute; khả năng sẽ được trao suất đ&aacute; ch&iacute;nh ở trận tiếp theo, gặp Paraguay v&agrave;o ng&agrave;y 19/6.</p>\r\n<p><iframe src=\"//www.youtube.com/embed/pr09YsotYp8\" width=\"560\" height=\"314\" allowfullscreen=\"allowfullscreen\"></iframe></p>', 12, 'premium', '2019-06-17', 'https://i-thethao.vnecdn.net/2019/06/17/a-1560733100-2225-1560733195_r_500x300.png', 5, 7, '2019-06-18', 'bài viết bị trùng');
INSERT INTO `post` VALUES (31, 'Messi diễn thuyết trong phòng thay đồ sau trận thua Colombia', 'Tiền vệ Rodrigo de Paul tiết lộ thủ quân Argentina đã cố gắng vực dậy tinh thần của đồng đội, sau thất bại ở trận ra quân Copa America 2019.', NULL, 0, 'rejected', '<p>Tiền vệ Rodrigo de Paul tiết lộ thủ qu&acirc;n Argentina đ&atilde; cố gắng vực dậy tinh thần của đồng đội, sau thất bại ở trận ra qu&acirc;n Copa America 2019.</p>\r\n<p>\"Sau trận đấu, sự im lặng bao tr&ugrave;m ph&ograve;ng thay đồ. Ch&uacute;ng t&ocirc;i tức giận với b&agrave;n mở tỷ số của Colombia v&igrave; n&oacute; đ&aacute;nh trực diện v&agrave;o c&aacute;nh phải m&agrave; ch&uacute;ng t&ocirc;i cho l&agrave; điểm mạnh của m&igrave;nh. Nhưng Argentina c&oacute; những cầu thủ đ&agrave;n anh gi&agrave;u kinh nghiệm ở những giải đấu như thế n&agrave;y, v&agrave; điều đầu ti&ecirc;n họ l&agrave;m trong ph&ograve;ng thay đồ l&agrave; n&oacute;i chuyện với ch&uacute;ng t&ocirc;i. Họ n&oacute;i rằng cơ hội vẫn c&ograve;n ở ph&iacute;a trước\", Rodrigo de Paul n&oacute;i tr&ecirc;n k&ecirc;nh&nbsp;<em>Ole TV</em>.</p>\r\n<p><img src=\"https://i-thethao.vnecdn.net/2019/06/17/a-1560733100-2225-1560733195.png\" alt=\"\" width=\"557\" height=\"334\" />Tiền vệ 25 tuổi, hiện tại kho&aacute;c &aacute;o Udinese tại Serie A, kể rằng c&aacute;c l&atilde;o tướng của Argentina đ&atilde; nh&oacute;m họp lại để sốc dậy tinh thần cho c&aacute;c cầu thủ trẻ. Khi được hỏi Lionel Messi c&oacute; tham dự hay kh&ocirc;ng, de Paul trả lời: \"C&oacute;. Anh ấy đ&atilde; đưa ra những &yacute; kiến đầy kinh nghiệm v&agrave; điều đ&oacute; rất quan trọng. Anh ấy n&oacute;i ch&uacute;ng t&ocirc;i phải bước tiếp v&agrave; phải nghĩ về trận đấu với Paraguay. Messi nhấn mạnh rằng ch&uacute;ng t&ocirc;i đang ở chung một đội v&agrave; phải hướng đến kết quả c&ugrave;ng nhau. Anh k&ecirc;u gọi ch&uacute;ng t&ocirc;i l&agrave;m việc với tinh thần tr&aacute;ch nhiệm\".</p>\r\n<p>Sau trận thua Colombia, nhiều người nghi ngờ khả năng l&atilde;nh đạo của Messi với băng thủ qu&acirc;n tr&ecirc;n tay. Ng&ocirc;i sao đang kho&aacute;c &aacute;o Barca đứng trước nguy cơ một lần nữa trắng tay khi chơi cho đội tuyển quốc gia tại một giải đấu lớn.&nbsp;</p>\r\n<p>De Paul được tung v&agrave;o s&acirc;n thay Angel Di Maria trong hiệp hai trận gặp Colombia v&agrave; chơi tốt. Anh c&oacute; khả năng sẽ được trao suất đ&aacute; ch&iacute;nh ở trận tiếp theo, gặp Paraguay v&agrave;o ng&agrave;y 19/6.</p>', 12, 'standard', '2019-06-17', 'https://i-thethao.vnecdn.net/2019/06/17/a-1560733100-2225-1560733195_r_500x300.png', 5, 6, '2019-06-18', 'bài bị trùng');
INSERT INTO `post` VALUES (32, 'Messi diễn thuyết trong phòng thay đồ sau trận thua Colombia', 'Tiền vệ Rodrigo de Paul tiết lộ thủ quân Argentina đã cố gắng vực dậy tinh thần của đồng đội, sau thất bại ở trận ra quân Copa America 2019.', NULL, 0, 'rejected', '<p>Tiền vệ Rodrigo de Paul tiết lộ thủ qu&acirc;n Argentina đ&atilde; cố gắng vực dậy tinh thần của đồng đội, sau thất bại ở trận ra qu&acirc;n Copa America 2019.</p>\r\n<p>\"Sau trận đấu, sự im lặng bao tr&ugrave;m ph&ograve;ng thay đồ. Ch&uacute;ng t&ocirc;i tức giận với b&agrave;n mở tỷ số của Colombia v&igrave; n&oacute; đ&aacute;nh trực diện v&agrave;o c&aacute;nh phải m&agrave; ch&uacute;ng t&ocirc;i cho l&agrave; điểm mạnh của m&igrave;nh. Nhưng Argentina c&oacute; những cầu thủ đ&agrave;n anh gi&agrave;u kinh nghiệm ở những giải đấu như thế n&agrave;y, v&agrave; điều đầu ti&ecirc;n họ l&agrave;m trong ph&ograve;ng thay đồ l&agrave; n&oacute;i chuyện với ch&uacute;ng t&ocirc;i. Họ n&oacute;i rằng cơ hội vẫn c&ograve;n ở ph&iacute;a trước\", Rodrigo de Paul n&oacute;i tr&ecirc;n k&ecirc;nh&nbsp;<em>Ole TV</em>.</p>\r\n<p><img src=\"https://i-thethao.vnecdn.net/2019/06/17/a-1560733100-2225-1560733195.png\" alt=\"\" width=\"557\" height=\"334\" />Tiền vệ 25 tuổi, hiện tại kho&aacute;c &aacute;o Udinese tại Serie A, kể rằng c&aacute;c l&atilde;o tướng của Argentina đ&atilde; nh&oacute;m họp lại để sốc dậy tinh thần cho c&aacute;c cầu thủ trẻ. Khi được hỏi Lionel Messi c&oacute; tham dự hay kh&ocirc;ng, de Paul trả lời: \"C&oacute;. Anh ấy đ&atilde; đưa ra những &yacute; kiến đầy kinh nghiệm v&agrave; điều đ&oacute; rất quan trọng. Anh ấy n&oacute;i ch&uacute;ng t&ocirc;i phải bước tiếp v&agrave; phải nghĩ về trận đấu với Paraguay. Messi nhấn mạnh rằng ch&uacute;ng t&ocirc;i đang ở chung một đội v&agrave; phải hướng đến kết quả c&ugrave;ng nhau. Anh k&ecirc;u gọi ch&uacute;ng t&ocirc;i l&agrave;m việc với tinh thần tr&aacute;ch nhiệm\".</p>\r\n<p>Sau trận thua Colombia, nhiều người nghi ngờ khả năng l&atilde;nh đạo của Messi với băng thủ qu&acirc;n tr&ecirc;n tay. Ng&ocirc;i sao đang kho&aacute;c &aacute;o Barca đứng trước nguy cơ một lần nữa trắng tay khi chơi cho đội tuyển quốc gia tại một giải đấu lớn.&nbsp;</p>\r\n<p>De Paul được tung v&agrave;o s&acirc;n thay Angel Di Maria trong hiệp hai trận gặp Colombia v&agrave; chơi tốt. Anh c&oacute; khả năng sẽ được trao suất đ&aacute; ch&iacute;nh ở trận tiếp theo, gặp Paraguay v&agrave;o ng&agrave;y 19/6.</p>', 12, 'standard', '2019-06-17', 'https://i-thethao.vnecdn.net/2019/06/17/a-1560733100-2225-1560733195_r_500x300.png', 5, 6, '2019-06-18', 'bài bị trùng');
INSERT INTO `post` VALUES (33, 'Giá nhà Sài Gòn tăng 50% trong nửa thập niên', 'Trung bình mỗi năm giá nhà ở tại TP HCM tăng 10%, kéo dài trong giai đoạn 2014-2018.', NULL, 0, 'rejected', '<p>Trung b&igrave;nh mỗi năm gi&aacute; nh&agrave; ở tại TP HCM tăng 10%, k&eacute;o d&agrave;i trong giai đoạn 2014-2018.</p>\r\n<p class=\"Normal\">Savills vừa c&ocirc;ng bố b&aacute;o c&aacute;o thị trường nh&agrave; ở TP HCM trong nửa thập ni&ecirc;n trở lại đ&acirc;y. Trong giai đoạn 2014-2018, số lượng giao dịch căn hộ đ&atilde; tăng đ&aacute;ng kể ở đ&ocirc; thị tr&ecirc;n 10 triệu d&acirc;n n&agrave;y. Mức tăng trung b&igrave;nh ghi nhận 44% mỗi năm, với đỉnh cao nhất l&agrave; 49.000 giao dịch năm 2018.</p>\r\n<p class=\"Normal\">Gi&aacute; b&aacute;n trung b&igrave;nh ở TP HCM ghi nhận ở cuối chu kỳ n&agrave;y đạt 1.600 USD mỗi m2, tăng b&igrave;nh qu&acirc;n 10% mỗi năm v&agrave; k&eacute;o d&agrave;i trong 5 năm qua do gi&aacute; leo thang ở tất cả c&aacute;c ph&acirc;n kh&uacute;c. Hạng A ghi nhận mức tăng gi&aacute; cao nhất do nguồn cung mới đạt những ti&ecirc;u chuẩn ng&agrave;y c&agrave;ng cao hơn so với trước đ&acirc;y (hạng sang v&agrave; si&ecirc;u sang) trong khi hạng B v&agrave; C tăng gi&aacute; với tốc độ chậm hơn.&nbsp;</p>\r\n<p class=\"Normal\">Tỷ lệ hấp thụ của thị trường nh&agrave; ở trong giai đoạn n&agrave;y đạt 87%, mức cao nhất trong 5 năm vừa qua. Sự ph&aacute;t triển thể hiện r&otilde; nhất ở ph&acirc;n kh&uacute;c nh&agrave; gi&aacute; rẻ, (nh&agrave; hạng C), l&agrave; ph&acirc;n kh&uacute;c ch&iacute;nh của thị trường trong giai đoạn 2014 &ndash; 2018, chiếm 60% tổng số giao dịch.<img src=\"https://i-kinhdoanh.vnecdn.net/2019/06/17/a-tb-thi-truong-can-ho-tp-hcm-9962-1560737056.jpg\" alt=\"\" /></p>\r\n<p class=\"Normal\">Người mua nh&agrave; để ở c&oacute; xu hướng chiếm đa số trong ph&acirc;n kh&uacute;c hạng C, trong khi đ&oacute; hạng B thu h&uacute;t c&aacute;c kh&aacute;ch h&agrave;ng c&oacute; nhu cầu n&acirc;ng cấp nh&agrave; ở v&agrave; c&aacute;c nh&agrave; đầu tư mua để cho thu&ecirc;. Phần lớn người mua căn hộ hạng A l&agrave; nh&agrave; đầu tư d&agrave;i hạn. Theo dự b&aacute;o của Savills, đến năm 2020, phần lớn nguồn cung ở TP HCM sẽ rơi v&agrave;o ph&acirc;n kh&uacute;c hạng C.</p>\r\n<p class=\"Normal\">Tuy nhi&ecirc;n, khảo s&aacute;t của&nbsp;<em>VnExpress</em>, một thực tế đang diễn ra trong năm 2019 l&agrave; to&agrave;n thị trường nh&agrave; ở S&agrave;i G&ograve;n đang dần suy giảm nguồn cung nh&agrave; gi&aacute; rẻ. Nguy&ecirc;n nh&acirc;n của sự sụt giảm n&agrave;y l&agrave; do th&agrave;nh phố hạn chế cấp ph&eacute;p ph&aacute;t triển c&aacute;c dự &aacute;n nh&agrave; ở mới giai đoạn 2018-2020 cũng như tăng cường r&agrave; so&aacute;t, thanh tra ph&aacute;p l&yacute; c&aacute;c dự &aacute;n. Sự khan hiếm dự &aacute;n cục bộ đ&atilde; đẩy gi&aacute; nh&agrave; tr&ecirc;n thị trường sơ cấp lẫn thứ cấp tăng vọt v&agrave; c&aacute;c dự &aacute;n nh&agrave; ở gi&aacute; rẻ đang dạt ra tỉnh gi&aacute;p ranh với TP HCM như B&igrave;nh Dương, Đồng Nai, Long An.</p>\r\n<p class=\"Normal\">Mặt kh&aacute;c, do b&aacute;o c&aacute;o n&agrave;y tập trung khảo s&aacute;t gi&aacute; nh&agrave; b&igrave;nh qu&acirc;n giai đoạn nửa 2014-2018 n&ecirc;n chưa cập nhật biến động gi&aacute; nh&agrave; trong nửa đầu năm 2019. Hồi qu&yacute; I, CBRE Việt Nam cho biết, trong 3 th&aacute;ng đầu năm gi&aacute; b&aacute;n căn hộ trung b&igrave;nh tại thị trường sơ cấp TP HCM \"đội\" th&ecirc;m 3,1% so với qu&yacute; trước v&agrave; tăng 14,9% so với c&ugrave;ng kỳ năm trước.</p>\r\n<p class=\"Normal\">Mức tăng n&agrave;y được l&yacute; giải do ảnh hưởng từ dự &aacute;n hạng sang mới được ch&agrave;o b&aacute;n trong qu&yacute; I c&oacute; mức gi&aacute; cao kỷ lục từ 7.500 đến 12.000 USD mỗi m2. Hiện gi&aacute; nh&agrave; tại S&agrave;i G&ograve;n vẫn tiếp tục leo thang trong qu&yacute; II với c&aacute;c dự &aacute;n mới ch&agrave;o b&aacute;n đều đang vươn l&ecirc;n mặt bằng gi&aacute; cao hơn trước đ&acirc;y.</p>\r\n<p class=\"Normal\"><iframe src=\"//www.youtube.com/embed/_VGm6brq1aI\" width=\"560\" height=\"314\" allowfullscreen=\"allowfullscreen\"></iframe></p>', 5, 'standard', '2019-06-18', 'https://i-kinhdoanh.vnecdn.net/2019/06/17/a-tb-thi-truong-can-ho-tp-hcm-9962-1560737056_r_500x300.jpg', 5, 9, '2019-06-19', 'thích thì từ chối');
INSERT INTO `post` VALUES (34, 'Sửa rồi nè', 'adsfasd', NULL, 0, 'pending', '<p>asdfasd</p>', 1, 'standard', '2019-06-18', 'https://i-vnexpress.vnecdn.net/2019/06/18/iran3-1560814949-8605-1560815321_r_500x300.jpg', 5, 6, '2019-06-01', NULL);
INSERT INTO `post` VALUES (35, 'Giá nhà Sài Gòn tăng 50% trong nửa thập niên', 'Trung bình mỗi năm giá nhà ở tại TP HCM tăng 10%, kéo dài trong giai đoạn 2014-2018.', NULL, 0, 'pending', '<p>Trung b&igrave;nh mỗi năm gi&aacute; nh&agrave; ở tại TP HCM tăng 10%, k&eacute;o d&agrave;i trong giai đoạn 2014-2018.</p>\r\n<p class=\"Normal\">Savills vừa c&ocirc;ng bố b&aacute;o c&aacute;o thị trường nh&agrave; ở TP HCM trong nửa thập ni&ecirc;n trở lại đ&acirc;y. Trong giai đoạn 2014-2018, số lượng giao dịch căn hộ đ&atilde; tăng đ&aacute;ng kể ở đ&ocirc; thị tr&ecirc;n 10 triệu d&acirc;n n&agrave;y. Mức tăng trung b&igrave;nh ghi nhận 44% mỗi năm, với đỉnh cao nhất l&agrave; 49.000 giao dịch năm 2018.</p>\r\n<p class=\"Normal\">Gi&aacute; b&aacute;n trung b&igrave;nh ở TP HCM ghi nhận ở cuối chu kỳ n&agrave;y đạt 1.600 USD mỗi m2, tăng b&igrave;nh qu&acirc;n 10% mỗi năm v&agrave; k&eacute;o d&agrave;i trong 5 năm qua do gi&aacute; leo thang ở tất cả c&aacute;c ph&acirc;n kh&uacute;c. Hạng A ghi nhận mức tăng gi&aacute; cao nhất do nguồn cung mới đạt những ti&ecirc;u chuẩn ng&agrave;y c&agrave;ng cao hơn so với trước đ&acirc;y (hạng sang v&agrave; si&ecirc;u sang) trong khi hạng B v&agrave; C tăng gi&aacute; với tốc độ chậm hơn.&nbsp;</p>\r\n<p class=\"Normal\">Tỷ lệ hấp thụ của thị trường nh&agrave; ở trong giai đoạn n&agrave;y đạt 87%, mức cao nhất trong 5 năm vừa qua. Sự ph&aacute;t triển thể hiện r&otilde; nhất ở ph&acirc;n kh&uacute;c nh&agrave; gi&aacute; rẻ, (nh&agrave; hạng C), l&agrave; ph&acirc;n kh&uacute;c ch&iacute;nh của thị trường trong giai đoạn 2014 &ndash; 2018, chiếm 60% tổng số giao dịch.<img src=\"https://i-kinhdoanh.vnecdn.net/2019/06/17/a-tb-thi-truong-can-ho-tp-hcm-9962-1560737056.jpg\" alt=\"\" /></p>\r\n<p class=\"Normal\">Người mua nh&agrave; để ở c&oacute; xu hướng chiếm đa số trong ph&acirc;n kh&uacute;c hạng C, trong khi đ&oacute; hạng B thu h&uacute;t c&aacute;c kh&aacute;ch h&agrave;ng c&oacute; nhu cầu n&acirc;ng cấp nh&agrave; ở v&agrave; c&aacute;c nh&agrave; đầu tư mua để cho thu&ecirc;. Phần lớn người mua căn hộ hạng A l&agrave; nh&agrave; đầu tư d&agrave;i hạn. Theo dự b&aacute;o của Savills, đến năm 2020, phần lớn nguồn cung ở TP HCM sẽ rơi v&agrave;o ph&acirc;n kh&uacute;c hạng C.</p>\r\n<p class=\"Normal\">Tuy nhi&ecirc;n, khảo s&aacute;t của&nbsp;<em>VnExpress</em>, một thực tế đang diễn ra trong năm 2019 l&agrave; to&agrave;n thị trường nh&agrave; ở S&agrave;i G&ograve;n đang dần suy giảm nguồn cung nh&agrave; gi&aacute; rẻ. Nguy&ecirc;n nh&acirc;n của sự sụt giảm n&agrave;y l&agrave; do th&agrave;nh phố hạn chế cấp ph&eacute;p ph&aacute;t triển c&aacute;c dự &aacute;n nh&agrave; ở mới giai đoạn 2018-2020 cũng như tăng cường r&agrave; so&aacute;t, thanh tra ph&aacute;p l&yacute; c&aacute;c dự &aacute;n. Sự khan hiếm dự &aacute;n cục bộ đ&atilde; đẩy gi&aacute; nh&agrave; tr&ecirc;n thị trường sơ cấp lẫn thứ cấp tăng vọt v&agrave; c&aacute;c dự &aacute;n nh&agrave; ở gi&aacute; rẻ đang dạt ra tỉnh gi&aacute;p ranh với TP HCM như B&igrave;nh Dương, Đồng Nai, Long An.</p>\r\n<p class=\"Normal\">Mặt kh&aacute;c, do b&aacute;o c&aacute;o n&agrave;y tập trung khảo s&aacute;t gi&aacute; nh&agrave; b&igrave;nh qu&acirc;n giai đoạn nửa 2014-2018 n&ecirc;n chưa cập nhật biến động gi&aacute; nh&agrave; trong nửa đầu năm 2019. Hồi qu&yacute; I, CBRE Việt Nam cho biết, trong 3 th&aacute;ng đầu năm gi&aacute; b&aacute;n căn hộ trung b&igrave;nh tại thị trường sơ cấp TP HCM \"đội\" th&ecirc;m 3,1% so với qu&yacute; trước v&agrave; tăng 14,9% so với c&ugrave;ng kỳ năm trước.</p>\r\n<p class=\"Normal\">Mức tăng n&agrave;y được l&yacute; giải do ảnh hưởng từ dự &aacute;n hạng sang mới được ch&agrave;o b&aacute;n trong qu&yacute; I c&oacute; mức gi&aacute; cao kỷ lục từ 7.500 đến 12.000 USD mỗi m2. Hiện gi&aacute; nh&agrave; tại S&agrave;i G&ograve;n vẫn tiếp tục leo thang trong qu&yacute; II với c&aacute;c dự &aacute;n mới ch&agrave;o b&aacute;n đều đang vươn l&ecirc;n mặt bằng gi&aacute; cao hơn trước đ&acirc;y.</p>', 5, 'standard', '2019-06-18', 'https://i-kinhdoanh.vnecdn.net/2019/06/17/a-tb-thi-truong-can-ho-tp-hcm-9962-1560737056_r_500x300.jpg', 5, 6, '2019-06-01', NULL);
INSERT INTO `post` VALUES (36, 'Warriors gỡ hòa tổng tỷ số tại chung kết NBA', 'Nhà ĐKVĐ thắng Toronto Raptors 109-104 ở game 2 chung kết giải bóng rổ nhà nghề Mỹ, qua đó gỡ hòa 1-1 tại serie đấu bảy thắng bốn.', '2019-06-17', 0, 'accepted', '<p><strong>Nh&agrave; ĐKVĐ thắng Toronto Raptors 109-104 ở game 2 chung kết giải b&oacute;ng rổ nh&agrave; nghề Mỹ, qua đ&oacute; gỡ h&ograve;a 1-1 tại serie đấu bảy thắng bốn.</strong></p>\r\n<p class=\"Normal\">Tiếp tục thiếu vắng ng&ocirc;i sao Kevin Durant v&agrave; gặp kh&oacute; khăn với chấn thương của nhiều cầu thủ kh&aacute;c, nhưng Golden State Warriors vẫn rời s&acirc;n Scotiabank Arena của Raptors với chiến thắng s&acirc;n kh&aacute;ch đầu tay.</p>\r\n<p class=\"Normal\">Nh&agrave; ĐKVĐ khởi đầu kh&ocirc;ng thực sự thuận lợi ở game 2. Sau hiệp đầu ở thế c&acirc;n bằng, đội kh&aacute;ch để Raptors tăng tốc trong hiệp hai. Fred VanVleet thi đấu ấn tượng ở cả hai đầu s&acirc;n, kh&ocirc;ng chỉ chặn đứng ng&ocirc;i sao Stephen Curry với ba lần cướp b&oacute;ng, m&agrave; c&ograve;n đ&oacute;ng g&oacute;p tới 17 điểm tr&ecirc;n mặt trận tấn c&ocirc;ng. Cuối hiệp hai, đội chủ nh&agrave; c&oacute; l&uacute;c dẫn tới 11 điểm.</p>\r\n<p class=\"Normal\"><img src=\"https://i-thethao.vnecdn.net/2019/06/03/warri-8824-1559573990.jpg\" alt=\"\" /></p>\r\n<p class=\"Normal\">Thế trận đảo chiều ở đầu hiệp ba khi Warriors ghi li&ecirc;n tiếp 18 điểm để vươn l&ecirc;n dẫn trước 72-59. Klay Thompson thi đấu nổi bật với 25 điểm, Stephen Curry ghi 23 điểm, c&ograve;n Draymond Green su&yacute;t đạt triple-double thứ tư li&ecirc;n tiếp với 17 điểm, 10 rebound v&agrave; ch&iacute;n kiến tạo. C&aacute;c cầu thủ dự bị như Quinn Cook, Andrew Bogut hay Jonas Jerebko cũng để lại dấu ấn trong những ph&uacute;t &iacute;t ỏi c&oacute; mặt tr&ecirc;n s&acirc;n.</p>\r\n<p class=\"Normal\">Kh&oacute; khăn đến với Warriors khi Klay Thompson phải vắng mặt t&aacute;m ph&uacute;t cuối trận v&igrave; chấn thương, trong khi trung phong dự bị Kevon Looney cũng rời s&acirc;n trước đ&oacute; với l&yacute; do tương tự. Nhưng đội kh&aacute;ch vẫn đứng vững nhờ khả năng ph&ograve;ng ngự hiệu quả.</p>\r\n<p class=\"Normal\">Kawhi Leonard b&ecirc;n ph&iacute;a Raptors ghi 34 điểm, nhưng kh&ocirc;ng t&igrave;m được nhiều khoảng trống để tấn c&ocirc;ng rổ, phải thường xuy&ecirc;n dạt ra ngo&agrave;i. C&aacute;c vệ tinh xung quanh Leonard cũng dứt điểm thiếu hiệu quả trong hai hiệp đấu cuối c&ugrave;ng.</p>\r\n<p class=\"Normal\">Raptors ki&ecirc;n tr&igrave; b&aacute;m đuổi v&agrave; r&uacute;t ngắn c&aacute;ch biệt c&ograve;n hai điểm khi bước v&agrave;o 30 gi&acirc;y cuối c&ugrave;ng. Nhưng l&atilde;o tướng 35 tuổi Andre Iguodala đ&atilde; l&ecirc;n tiếng đ&uacute;ng l&uacute;c với c&uacute; n&eacute;m ba điểm quyết định khi trận đấu c&ograve;n dưới 10 gi&acirc;y. Chung cuộc, Golden State Warriors gi&agrave;nh chiến thắng 109-104 tại game 2.</p>\r\n<p class=\"Normal\">Game 3 của serie chung kết NBA sẽ diễn ra l&uacute;c 8h ng&agrave;y 6/6 tới tr&ecirc;n s&acirc;n Oracle Arena của Warriors, v&agrave; được tường thuật trực tiếp tr&ecirc;n k&ecirc;nh Thể Thao Tin Tức HD của&nbsp;<em>VTVCab</em>.</p>', 14, 'standard', '2019-06-01', '/img/posts/19/main.jpg', 4, 6, '2019-06-01', NULL);
INSERT INTO `post` VALUES (2016, 'Warriors gỡ hòa tổng tỷ số tại chung kết NBA', 'Nhà ĐKVĐ thắng Toronto Raptors 109-104 ở game 2 chung kết giải bóng rổ nhà nghề Mỹ, qua đó gỡ hòa 1-1 tại serie đấu bảy thắng bốn.', '2019-06-17', 0, 'accepted', '<p><strong>Nh&agrave; ĐKVĐ thắng Toronto Raptors 109-104 ở game 2 chung kết giải b&oacute;ng rổ nh&agrave; nghề Mỹ, qua đ&oacute; gỡ h&ograve;a 1-1 tại serie đấu bảy thắng bốn.</strong></p>\r\n<p class=\"Normal\">Tiếp tục thiếu vắng ng&ocirc;i sao Kevin Durant v&agrave; gặp kh&oacute; khăn với chấn thương của nhiều cầu thủ kh&aacute;c, nhưng Golden State Warriors vẫn rời s&acirc;n Scotiabank Arena của Raptors với chiến thắng s&acirc;n kh&aacute;ch đầu tay.</p>\r\n<p class=\"Normal\">Nh&agrave; ĐKVĐ khởi đầu kh&ocirc;ng thực sự thuận lợi ở game 2. Sau hiệp đầu ở thế c&acirc;n bằng, đội kh&aacute;ch để Raptors tăng tốc trong hiệp hai. Fred VanVleet thi đấu ấn tượng ở cả hai đầu s&acirc;n, kh&ocirc;ng chỉ chặn đứng ng&ocirc;i sao Stephen Curry với ba lần cướp b&oacute;ng, m&agrave; c&ograve;n đ&oacute;ng g&oacute;p tới 17 điểm tr&ecirc;n mặt trận tấn c&ocirc;ng. Cuối hiệp hai, đội chủ nh&agrave; c&oacute; l&uacute;c dẫn tới 11 điểm.</p>\r\n<p class=\"Normal\"><img src=\"https://i-thethao.vnecdn.net/2019/06/03/warri-8824-1559573990.jpg\" alt=\"\" /></p>\r\n<p class=\"Normal\">Thế trận đảo chiều ở đầu hiệp ba khi Warriors ghi li&ecirc;n tiếp 18 điểm để vươn l&ecirc;n dẫn trước 72-59. Klay Thompson thi đấu nổi bật với 25 điểm, Stephen Curry ghi 23 điểm, c&ograve;n Draymond Green su&yacute;t đạt triple-double thứ tư li&ecirc;n tiếp với 17 điểm, 10 rebound v&agrave; ch&iacute;n kiến tạo. C&aacute;c cầu thủ dự bị như Quinn Cook, Andrew Bogut hay Jonas Jerebko cũng để lại dấu ấn trong những ph&uacute;t &iacute;t ỏi c&oacute; mặt tr&ecirc;n s&acirc;n.</p>\r\n<p class=\"Normal\">Kh&oacute; khăn đến với Warriors khi Klay Thompson phải vắng mặt t&aacute;m ph&uacute;t cuối trận v&igrave; chấn thương, trong khi trung phong dự bị Kevon Looney cũng rời s&acirc;n trước đ&oacute; với l&yacute; do tương tự. Nhưng đội kh&aacute;ch vẫn đứng vững nhờ khả năng ph&ograve;ng ngự hiệu quả.</p>\r\n<p class=\"Normal\">Kawhi Leonard b&ecirc;n ph&iacute;a Raptors ghi 34 điểm, nhưng kh&ocirc;ng t&igrave;m được nhiều khoảng trống để tấn c&ocirc;ng rổ, phải thường xuy&ecirc;n dạt ra ngo&agrave;i. C&aacute;c vệ tinh xung quanh Leonard cũng dứt điểm thiếu hiệu quả trong hai hiệp đấu cuối c&ugrave;ng.</p>\r\n<p class=\"Normal\">Raptors ki&ecirc;n tr&igrave; b&aacute;m đuổi v&agrave; r&uacute;t ngắn c&aacute;ch biệt c&ograve;n hai điểm khi bước v&agrave;o 30 gi&acirc;y cuối c&ugrave;ng. Nhưng l&atilde;o tướng 35 tuổi Andre Iguodala đ&atilde; l&ecirc;n tiếng đ&uacute;ng l&uacute;c với c&uacute; n&eacute;m ba điểm quyết định khi trận đấu c&ograve;n dưới 10 gi&acirc;y. Chung cuộc, Golden State Warriors gi&agrave;nh chiến thắng 109-104 tại game 2.</p>\r\n<p class=\"Normal\">Game 3 của serie chung kết NBA sẽ diễn ra l&uacute;c 8h ng&agrave;y 6/6 tới tr&ecirc;n s&acirc;n Oracle Arena của Warriors, v&agrave; được tường thuật trực tiếp tr&ecirc;n k&ecirc;nh Thể Thao Tin Tức HD của&nbsp;<em>VTVCab</em>.</p>', 14, 'standard', '2019-06-01', '/img/posts/19/main.jpg', 4, 6, '2019-06-01', NULL);
INSERT INTO `post` VALUES (2017, 'Warriors gỡ hòa tổng tỷ số tại chung kết NBA', 'Nhà ĐKVĐ thắng Toronto Raptors 109-104 ở game 2 chung kết giải bóng rổ nhà nghề Mỹ, qua đó gỡ hòa 1-1 tại serie đấu bảy thắng bốn.', '2019-06-17', 0, 'accepted', '<p><strong>Nh&agrave; ĐKVĐ thắng Toronto Raptors 109-104 ở game 2 chung kết giải b&oacute;ng rổ nh&agrave; nghề Mỹ, qua đ&oacute; gỡ h&ograve;a 1-1 tại serie đấu bảy thắng bốn.</strong></p>\r\n<p class=\"Normal\">Tiếp tục thiếu vắng ng&ocirc;i sao Kevin Durant v&agrave; gặp kh&oacute; khăn với chấn thương của nhiều cầu thủ kh&aacute;c, nhưng Golden State Warriors vẫn rời s&acirc;n Scotiabank Arena của Raptors với chiến thắng s&acirc;n kh&aacute;ch đầu tay.</p>\r\n<p class=\"Normal\">Nh&agrave; ĐKVĐ khởi đầu kh&ocirc;ng thực sự thuận lợi ở game 2. Sau hiệp đầu ở thế c&acirc;n bằng, đội kh&aacute;ch để Raptors tăng tốc trong hiệp hai. Fred VanVleet thi đấu ấn tượng ở cả hai đầu s&acirc;n, kh&ocirc;ng chỉ chặn đứng ng&ocirc;i sao Stephen Curry với ba lần cướp b&oacute;ng, m&agrave; c&ograve;n đ&oacute;ng g&oacute;p tới 17 điểm tr&ecirc;n mặt trận tấn c&ocirc;ng. Cuối hiệp hai, đội chủ nh&agrave; c&oacute; l&uacute;c dẫn tới 11 điểm.</p>\r\n<p class=\"Normal\"><img src=\"https://i-thethao.vnecdn.net/2019/06/03/warri-8824-1559573990.jpg\" alt=\"\" /></p>\r\n<p class=\"Normal\">Thế trận đảo chiều ở đầu hiệp ba khi Warriors ghi li&ecirc;n tiếp 18 điểm để vươn l&ecirc;n dẫn trước 72-59. Klay Thompson thi đấu nổi bật với 25 điểm, Stephen Curry ghi 23 điểm, c&ograve;n Draymond Green su&yacute;t đạt triple-double thứ tư li&ecirc;n tiếp với 17 điểm, 10 rebound v&agrave; ch&iacute;n kiến tạo. C&aacute;c cầu thủ dự bị như Quinn Cook, Andrew Bogut hay Jonas Jerebko cũng để lại dấu ấn trong những ph&uacute;t &iacute;t ỏi c&oacute; mặt tr&ecirc;n s&acirc;n.</p>\r\n<p class=\"Normal\">Kh&oacute; khăn đến với Warriors khi Klay Thompson phải vắng mặt t&aacute;m ph&uacute;t cuối trận v&igrave; chấn thương, trong khi trung phong dự bị Kevon Looney cũng rời s&acirc;n trước đ&oacute; với l&yacute; do tương tự. Nhưng đội kh&aacute;ch vẫn đứng vững nhờ khả năng ph&ograve;ng ngự hiệu quả.</p>\r\n<p class=\"Normal\">Kawhi Leonard b&ecirc;n ph&iacute;a Raptors ghi 34 điểm, nhưng kh&ocirc;ng t&igrave;m được nhiều khoảng trống để tấn c&ocirc;ng rổ, phải thường xuy&ecirc;n dạt ra ngo&agrave;i. C&aacute;c vệ tinh xung quanh Leonard cũng dứt điểm thiếu hiệu quả trong hai hiệp đấu cuối c&ugrave;ng.</p>\r\n<p class=\"Normal\">Raptors ki&ecirc;n tr&igrave; b&aacute;m đuổi v&agrave; r&uacute;t ngắn c&aacute;ch biệt c&ograve;n hai điểm khi bước v&agrave;o 30 gi&acirc;y cuối c&ugrave;ng. Nhưng l&atilde;o tướng 35 tuổi Andre Iguodala đ&atilde; l&ecirc;n tiếng đ&uacute;ng l&uacute;c với c&uacute; n&eacute;m ba điểm quyết định khi trận đấu c&ograve;n dưới 10 gi&acirc;y. Chung cuộc, Golden State Warriors gi&agrave;nh chiến thắng 109-104 tại game 2.</p>\r\n<p class=\"Normal\">Game 3 của serie chung kết NBA sẽ diễn ra l&uacute;c 8h ng&agrave;y 6/6 tới tr&ecirc;n s&acirc;n Oracle Arena của Warriors, v&agrave; được tường thuật trực tiếp tr&ecirc;n k&ecirc;nh Thể Thao Tin Tức HD của&nbsp;<em>VTVCab</em>.</p>', 14, 'standard', '2019-06-01', '/img/posts/19/main.jpg', 4, 6, '2019-06-01', NULL);
INSERT INTO `post` VALUES (2018, 'VAR hủy hai bàn khiến Brazil hòa Venezuela', 'Đội chủ nhà hòa 0-0 ở lượt thứ hai Copa America 2019 khi công nghệ hỗ trợ video ghi dấu ấn mạnh mẽ, tối 18/6.', '2019-06-19', 0, 'accepted', '<p><img src=\"https://i-thethao.vnecdn.net/2019/06/19/d9y7gbbw4aagk-g-1560912238-7443-1560912296.png\" alt=\"\" /></p>\r\n<p>Firmino ghi dấu ấn trong cả ba b&agrave;n thắng hụt của Brazil trước Venezuela. Tiền đạo đang kho&aacute;c &aacute;o Liverpool l&agrave;m tung lưới đối thủ trong hiệp một nhưng trọng t&agrave;i x&aacute;c định anh k&eacute;o ng&atilde; hậu vệ Venezuela trước khi dứt điểm. Đ&acirc;y l&agrave; t&igrave;nh huống &ocirc;ng&nbsp;Julio Bascunan kh&ocirc;ng cần nhờ tới sự trợ gi&uacute;p của trọng t&agrave;i bi&ecirc;n hay tổ VAR.</p>\r\n<p>Bước sang hiệp hai, Brazil trong t&igrave;nh thế bế tắc đ&atilde; khiến CĐV tr&ecirc;n s&acirc;n Fonte Nova vỡ &ograve;a hai lần, nhưng cả hai đều kh&ocirc;ng được c&ocirc;ng nhận bởi sự can thiệp của VAR. Đầu ti&ecirc;n l&agrave; t&igrave;nh huống Jesus lập c&ocirc;ng nhưng Firmino đ&atilde; việt vị khi chuyền b&oacute;ng trước đ&oacute;. Tới ph&uacute;t 87, tưởng như Brazil đ&atilde; c&oacute; b&agrave;n quyết định của Coutinho th&igrave; Firmino một lần nữa trở th&agrave;nh người đứng kh&ocirc;ng đ&uacute;ng chỗ để VAR tước bỏ b&agrave;n thắng.</p>\r\n<p>Trận h&ograve;a với Venezuela cũng đủ gi&uacute;p Brazil gi&agrave;nh lại ng&ocirc;i đầu bảng A khi c&oacute; c&ugrave;ng bốn điểm như Peru nhưng xếp tr&ecirc;n nhờ hiệu số b&agrave;n thắng. Ở lượt cuối, Brazil v&agrave; Peru sẽ đối đầu trực tiếp, trong khi Venezuela gặp Bolivia. Sau hai trận h&ograve;a, Venezuela sẽ đi tiếp nếu đ&aacute;nh bại đội b&oacute;ng bị coi l&agrave; yếu nhất bảng Bolivia.</p>\r\n<p>*Tiếp tục cập nhật</p>\r\n<p><iframe src=\"//www.youtube.com/embed/t7WAPIR67xc\" width=\"560\" height=\"314\" allowfullscreen=\"allowfullscreen\"></iframe></p>', 12, 'standard', '2019-06-19', 'https://i-thethao.vnecdn.net/2019/06/19/d9y7gbbw4aagkg-1560910124-1560-3009-3496-1560910162_r_500x300.png', 5, 7, '2019-06-19', NULL);
INSERT INTO `post` VALUES (2019, 'Hai ôtô đấu đầu, bốn người bị thương', 'Sau cú tông trực diện tạo tiếng động lớn, ôtô bốn chỗ biến dạng, người dân phải cạy cửa đưa nạn nhân đi cấp cứu. ', NULL, 0, 'pending', '<p><img src=\"https://i-vnexpress.vnecdn.net/2019/06/19/64363605-724948667929035-62666-4914-5798-1560904078.jpg\" /></p>\r\n<p><img src=\"https://i-vnexpress.vnecdn.net/2019/06/19/64363605-724948667929035-62666-4914-5798-1560904078.jpg\" /><iframe src=\"//www.youtube.com/embed/YTQ-n0SgdiY\" width=\"560\" height=\"314\" allowfullscreen=\"allowfullscreen\"></iframe></p>', 3, 'standard', '2019-06-19', 'https://i-vnexpress.vnecdn.net/2019/06/19/64363605-724948667929035-62666-4914-5798-1560904078.jpg', 5, NULL, NULL, NULL);

-- ----------------------------
-- Table structure for tag
-- ----------------------------
DROP TABLE IF EXISTS `tag`;
CREATE TABLE `tag`  (
  `tagId` int(10) UNSIGNED NOT NULL AUTO_INCREMENT,
  `tagName` varchar(255) CHARACTER SET utf8 COLLATE utf8_vietnamese_ci NULL DEFAULT NULL,
  PRIMARY KEY (`tagId`) USING BTREE
) ENGINE = MyISAM AUTO_INCREMENT = 46 CHARACTER SET = utf8 COLLATE = utf8_vietnamese_ci ROW_FORMAT = Dynamic;

-- ----------------------------
-- Records of tag
-- ----------------------------
INSERT INTO `tag` VALUES (1, 'Quốc hội');
INSERT INTO `tag` VALUES (2, 'rượu bia');
INSERT INTO `tag` VALUES (3, 'Sơn La');
INSERT INTO `tag` VALUES (4, 'thi cử');
INSERT INTO `tag` VALUES (5, 'xe');
INSERT INTO `tag` VALUES (6, 'miền Tây');
INSERT INTO `tag` VALUES (7, 'vi phạm');
INSERT INTO `tag` VALUES (8, 'CSGT');
INSERT INTO `tag` VALUES (9, 'căn hộ');
INSERT INTO `tag` VALUES (10, 'thiết kế');
INSERT INTO `tag` VALUES (11, 'trung tâm thương mại');
INSERT INTO `tag` VALUES (12, 'Bình Dương');
INSERT INTO `tag` VALUES (13, 'dự án');
INSERT INTO `tag` VALUES (14, 'xăng');
INSERT INTO `tag` VALUES (15, 'vật giá');
INSERT INTO `tag` VALUES (16, 'vàng');
INSERT INTO `tag` VALUES (17, 'thương mại');
INSERT INTO `tag` VALUES (18, 'cổ phiếu');
INSERT INTO `tag` VALUES (19, 'VN-Index');
INSERT INTO `tag` VALUES (20, 'đầu tư');
INSERT INTO `tag` VALUES (21, 'Vingroup');
INSERT INTO `tag` VALUES (22, 'Apple');
INSERT INTO `tag` VALUES (23, 'iPad');
INSERT INTO `tag` VALUES (24, 'Huewei');
INSERT INTO `tag` VALUES (25, 'Mỹ');
INSERT INTO `tag` VALUES (26, 'Smartphone');
INSERT INTO `tag` VALUES (27, 'Samsung');
INSERT INTO `tag` VALUES (28, 'tuyển Việt Nam');
INSERT INTO `tag` VALUES (29, ' Thái Lan');
INSERT INTO `tag` VALUES (30, 'Messi');
INSERT INTO `tag` VALUES (31, 'Ronaldo');
INSERT INTO `tag` VALUES (32, 'quả bóng vàng');
INSERT INTO `tag` VALUES (33, 'Champion Leage');
INSERT INTO `tag` VALUES (34, 'Federer');
INSERT INTO `tag` VALUES (35, 'Roland Garros');
INSERT INTO `tag` VALUES (36, 'Halep');
INSERT INTO `tag` VALUES (37, 'NBA');
INSERT INTO `tag` VALUES (38, 'Warriors');
INSERT INTO `tag` VALUES (39, 'VBA');
INSERT INTO `tag` VALUES (40, 'Saigon Heat');

-- ----------------------------
-- Table structure for tag_post
-- ----------------------------
DROP TABLE IF EXISTS `tag_post`;
CREATE TABLE `tag_post`  (
  `id` int(10) UNSIGNED NOT NULL AUTO_INCREMENT,
  `tagId` int(10) NOT NULL,
  `postId` int(10) NOT NULL,
  PRIMARY KEY (`id`) USING BTREE,
  INDEX `fk_post`(`postId`) USING BTREE,
  INDEX `fk_tag`(`tagId`) USING BTREE
) ENGINE = MyISAM AUTO_INCREMENT = 70 CHARACTER SET = utf8 COLLATE = utf8_vietnamese_ci ROW_FORMAT = Fixed;

-- ----------------------------
-- Records of tag_post
-- ----------------------------
INSERT INTO `tag_post` VALUES (1, 1, 1);
INSERT INTO `tag_post` VALUES (2, 2, 1);
INSERT INTO `tag_post` VALUES (3, 3, 2);
INSERT INTO `tag_post` VALUES (4, 4, 2);
INSERT INTO `tag_post` VALUES (5, 5, 3);
INSERT INTO `tag_post` VALUES (6, 6, 3);
INSERT INTO `tag_post` VALUES (7, 7, 4);
INSERT INTO `tag_post` VALUES (8, 8, 4);
INSERT INTO `tag_post` VALUES (9, 9, 5);
INSERT INTO `tag_post` VALUES (10, 10, 5);
INSERT INTO `tag_post` VALUES (11, 11, 6);
INSERT INTO `tag_post` VALUES (12, 12, 6);
INSERT INTO `tag_post` VALUES (13, 13, 6);
INSERT INTO `tag_post` VALUES (14, 14, 7);
INSERT INTO `tag_post` VALUES (15, 15, 7);
INSERT INTO `tag_post` VALUES (16, 15, 8);
INSERT INTO `tag_post` VALUES (17, 16, 8);
INSERT INTO `tag_post` VALUES (18, 17, 8);
INSERT INTO `tag_post` VALUES (19, 18, 9);
INSERT INTO `tag_post` VALUES (20, 19, 9);
INSERT INTO `tag_post` VALUES (21, 20, 10);
INSERT INTO `tag_post` VALUES (22, 21, 10);
INSERT INTO `tag_post` VALUES (23, 22, 11);
INSERT INTO `tag_post` VALUES (24, 23, 11);
INSERT INTO `tag_post` VALUES (25, 24, 12);
INSERT INTO `tag_post` VALUES (26, 25, 12);
INSERT INTO `tag_post` VALUES (27, 25, 8);
INSERT INTO `tag_post` VALUES (28, 26, 13);
INSERT INTO `tag_post` VALUES (29, 27, 14);
INSERT INTO `tag_post` VALUES (30, 26, 14);
INSERT INTO `tag_post` VALUES (31, 28, 15);
INSERT INTO `tag_post` VALUES (32, 29, 15);
INSERT INTO `tag_post` VALUES (33, 30, 16);
INSERT INTO `tag_post` VALUES (34, 31, 16);
INSERT INTO `tag_post` VALUES (35, 32, 16);
INSERT INTO `tag_post` VALUES (36, 33, 16);
INSERT INTO `tag_post` VALUES (37, 34, 18);
INSERT INTO `tag_post` VALUES (38, 35, 18);
INSERT INTO `tag_post` VALUES (39, 35, 17);
INSERT INTO `tag_post` VALUES (40, 36, 17);
INSERT INTO `tag_post` VALUES (41, 37, 19);
INSERT INTO `tag_post` VALUES (42, 38, 19);
INSERT INTO `tag_post` VALUES (43, 39, 20);
INSERT INTO `tag_post` VALUES (44, 40, 20);
INSERT INTO `tag_post` VALUES (45, 5, 7);
INSERT INTO `tag_post` VALUES (60, 2, 1);
INSERT INTO `tag_post` VALUES (59, 3, 1);
INSERT INTO `tag_post` VALUES (58, 1, 1);
INSERT INTO `tag_post` VALUES (49, 1, 32);
INSERT INTO `tag_post` VALUES (50, 2, 32);
INSERT INTO `tag_post` VALUES (51, 4, 32);
INSERT INTO `tag_post` VALUES (54, 9, 35);
INSERT INTO `tag_post` VALUES (55, 15, 35);
INSERT INTO `tag_post` VALUES (56, 2, 2013);
INSERT INTO `tag_post` VALUES (57, 3, 2013);
INSERT INTO `tag_post` VALUES (65, 30, 30);
INSERT INTO `tag_post` VALUES (64, 32, 30);
INSERT INTO `tag_post` VALUES (69, 31, 2018);
INSERT INTO `tag_post` VALUES (68, 30, 2018);

SET FOREIGN_KEY_CHECKS = 1;
